nuts3_code,intermediate_sales_mEUR
ITI43,331.756529
ITC4C,278.259797
ITF33,123.32353
ITC11,99.263248
ITC47,75.838555
ITH55,72.232561
ITF47,64.902413
ITI14,63.935391
ITC46,62.416923
ITH31,60.504364
ITH36,55.871428
ITH54,52.825824
ITH32,52.554826
ITH34,52.003159
ITH35,48.644665
ITF35,48.579882
ITH10,47.988587
ITC33,45.934622
ITG12,43.218349
ITC4D,42.344893
ITC41,38.722285
ITG17,38.179369
ITH20,35.603868
ITH53,35.012195
ITF31,33.443324
ITH52,33.166792
ITC16,33.008093
ITI21,32.141009
ITG19,30.532744
ITF45,28.767255
ITH42,27.21158
ITF43,25.967638
ITI44,25.837464
ITI32,25.444725
ITC42,25.29369
ITH58,24.714996
ITC4B,24.626287
ITH57,24.2943
ITC48,23.891244
ITF46,23.23134
ITG2F,23.038487
ITG13,22.683508
ITI17,22.527663
ITI45,22.083281
ITF51,22.070904
ITF61,21.709232
ITC4A,21.503848
ITF14,21.490204
ITI12,21.13142
ITH59,20.657785
ITC18,19.927784
ITG2D,19.45114
ITI18,18.81231
ITI31,18.640679
ITC15,18.317038
ITI16,17.896837
ITH51,17.63617
ITF34,16.83543
ITC43,16.66857
ITI33,16.584585
ITF65,16.52281
ITH41,15.629073
ITF12,15.47477
ITF44,14.982595
ITH56,14.764117
ITI19,14.747458
ITF13,14.598464
ITC32,14.38124
ITI15,14.170014
ITH44,13.924744
ITF11,13.739093
ITF48,13.674657
ITG11,13.473825
ITF63,13.251804
ITI13,12.588358
ITG14,11.428981
ITI41,11.31989
ITH33,11.315028
ITH37,11.28076
ITG18,11.095845
ITC49,10.96684
ITC34,10.717528
ITI22,10.565398
ITI34,10.549394
ITG2H,10.412447
ITF32,10.390682
ITF22,10.026598
ITF52,9.936974
ITI1A,9.712653
ITC44,9.428339
ITC17,8.871759
ITI11,8.767596
ITC12,7.888881
ITI35,7.754619
ITG15,7.559495
ITC31,7.544256
ITG2E,7.515231
ITC20,6.897206
ITH43,6.533206
ITC13,6.314821
ITF62,6.114581
ITI42,5.857541
ITC14,5.508561
ITG2G,5.421961
ITF64,5.182347
ITG16,4.40021
ITF21,3.60801
