nace_aggregate,gross_output_mEUR,value_added_mEUR,labour_compensation_mEUR,capital_income_mEUR,taxes_mEUR,local_input_mEUR,other_lazio_input_mEUR,rest_italy_input_mEUR,import_input_mEUR,local_input_share_pct,sales_rieti_mEUR,sales_other_lazio_mEUR,sales_rest_italy_mEUR,sales_households_mEUR,sales_government_mEUR,sales_capital_formation_mEUR,sales_ROW_exports_mEUR,output_LQ_vs_Lazio,national_type_I_output_multiplier,national_type_I_value_added_multiplier_EUR_per_EUR,rieti_local_type_I_output_multiplier,rieti_local_type_I_value_added_multiplier_EUR_per_EUR,external_intermediate_and_export_sales_mEUR,external_intermediate_and_export_sales_share_pct,priority_scale_component,priority_specialisation_component,priority_market_reach_component,priority_national_output_multiplier_component,priority_value_added_component,economic_transformation_priority_score_0_100,demand_expansion_propagation_score_0_100
F__I,766.492173,231.121506,107.742363,123.379143,8.571703,1.051456,55.838391,437.592842,32.316276,0.199593,0.83555,40.839244,330.524618,34.20486,1.746413,353.252235,5.089378,1.849626,2.354421,0.806863,1.001373,0.302026,376.45324,49.113775,1.0,0.559782,0.491138,0.8749,0.806863,71.499456,72.109364
H52__S,608.329013,235.153709,120.959223,114.194486,9.824163,0.849695,49.654134,282.574128,30.273184,0.233849,0.963797,48.279955,405.42532,50.064985,59.808661,7.01481,36.771594,3.017493,2.052734,0.834922,1.001398,0.387155,490.476868,80.626907,0.983333,1.0,0.806269,0.680023,0.834922,87.547567,85.205625
L__S,451.245629,373.826316,3.96281,369.863506,21.72798,0.093441,7.238682,46.227718,2.131493,0.167783,0.263733,19.66667,155.764554,261.021427,0.982891,12.060893,1.485521,1.241016,1.216691,0.924466,1.000207,0.828532,176.916745,39.206307,0.966667,0.196548,0.392063,0.139974,0.924466,50.015209,49.521329
Q86__S,442.806418,214.579219,137.499018,77.080202,23.584343,0.446186,24.989503,129.782314,49.424853,0.218031,0.236482,13.642801,82.092809,43.342973,300.859511,1.579991,1.052108,1.322787,1.633218,0.753795,1.001009,0.485049,96.787718,21.857795,0.95,0.254631,0.218578,0.409033,0.753795,48.272654,48.063638
A01__A,332.486151,191.430638,46.860187,144.570451,-10.936036,0.309972,16.16553,126.18505,9.330997,0.20394,0.344966,13.049927,179.147193,87.953682,0.160933,2.104351,49.725128,6.050768,1.847127,0.898127,1.000933,0.576175,241.922247,72.761601,0.933333,1.0,0.727616,0.547209,0.898127,83.537113,81.097128
O84__S,288.226576,180.690115,125.220391,55.469724,15.022963,0.152232,22.024945,66.639711,3.69661,0.164551,0.050749,4.592957,28.613206,9.397463,243.300904,0.947642,1.323851,0.298542,1.585693,0.881442,1.000529,0.62714,34.530013,11.980163,0.916667,0.0,0.119802,0.378333,0.881442,40.225004,41.940547
G47__S,286.626169,167.49734,69.809566,97.687774,3.692718,0.244661,18.186867,89.924498,7.080085,0.211945,0.058931,3.31498,32.653147,198.083554,7.811348,19.206789,25.497458,1.361476,1.678591,0.898853,1.000854,0.584828,61.465585,21.444513,0.9,0.280872,0.214445,0.438342,0.898853,50.440853,51.222464
C21__I,249.488401,87.574806,38.647666,48.92714,1.444914,0.151243,13.062063,62.449004,84.806371,0.094251,0.145871,6.061236,44.971793,28.080987,4.87285,8.605442,156.750232,3.556617,1.563671,0.586573,1.000607,0.351271,207.78326,83.283736,0.883333,1.0,0.832837,0.364108,0.586573,77.747815,73.084553
C10-12__I,234.087754,46.343205,23.210692,23.132513,1.092125,0.300221,14.786126,113.872723,57.693354,0.160845,0.088803,4.250683,62.009682,94.032968,0.261888,0.788749,72.654997,1.913539,2.071964,0.629153,1.001284,0.198569,138.915361,59.343284,0.866667,0.590704,0.593433,0.692445,0.629153,66.760711,66.081844
D35__I,212.532134,56.745724,10.696158,46.049566,3.662868,0.22655,60.47612,79.227326,12.193545,0.148925,0.287376,52.185806,101.467138,51.709847,0.5917,4.803928,1.486365,0.261068,2.548086,0.774851,1.001067,0.267345,155.139309,72.995695,0.85,0.0,0.729957,1.0,0.774851,61.871685,66.495939
G46__S,164.783463,72.358065,27.797774,44.560291,1.655902,0.181049,10.516054,70.853427,9.218966,0.19946,0.113816,7.484906,52.566126,64.158008,2.073045,16.228823,22.158758,0.621517,1.926909,0.837709,1.0011,0.439615,82.20979,49.889588,0.833333,0.0,0.498896,0.598745,0.837709,50.685872,53.701474
C28__I,139.150639,38.263855,23.523131,14.740724,0.333489,0.083566,5.698269,66.113782,28.657679,0.083106,0.043092,2.115551,29.176765,1.911164,0.632768,16.657683,88.61362,5.170486,1.998644,0.646623,1.000601,0.275232,119.905936,86.169878,0.816667,1.0,0.861699,0.645083,0.646623,82.251396,79.626593
C26__I,130.24236,46.374332,26.267931,20.106401,0.292464,0.088533,5.548211,42.921959,35.016861,0.105931,0.101927,6.459004,46.194652,4.030949,1.731803,11.352577,60.371456,5.755418,1.704258,0.625641,1.00068,0.356337,113.025111,86.780608,0.8,1.0,0.867806,0.454922,0.625641,78.903597,75.306412
H49__S,128.444956,54.662188,24.680608,29.981581,3.347843,0.139211,10.146666,55.174699,4.974348,0.197645,0.178882,10.355091,81.408309,27.918139,1.317695,1.936304,5.330551,0.621493,1.990412,0.819138,1.001085,0.426023,97.093951,75.591875,0.783333,0.0,0.755919,0.639765,0.819138,56.448184,59.826034
M69_70__S,127.069058,74.791211,19.457023,55.334188,1.658533,0.081392,6.980208,39.67711,3.880604,0.160793,0.183097,12.461924,99.414959,5.891593,0.195854,3.912898,5.008748,0.7472,1.655312,0.890532,1.000641,0.588916,116.885631,91.985911,0.766667,0.0,0.919859,0.423305,0.890532,58.03737,60.773223
P85__S,112.302701,91.19966,83.943442,7.256218,3.660167,0.031824,3.21171,13.169647,1.029694,0.182447,0.049413,3.546055,21.428282,10.171588,76.92241,0.085536,0.099483,0.745304,1.263855,0.933927,1.000284,0.812237,25.073819,22.326996,0.75,0.0,0.22327,0.17044,0.933927,37.147242,38.919074
Q87_88__S,104.457002,52.375604,46.269441,6.106163,3.377545,0.116064,8.407143,37.964917,2.215728,0.238305,0.09733,5.692097,38.926364,14.029948,45.647628,0.0469,0.016781,2.510687,1.809233,0.857861,1.001112,0.501952,44.635241,42.730732,0.733333,0.837927,0.427307,0.522731,0.857861,67.006394,66.053054
M71__S,101.280496,49.471951,12.39416,37.07779,0.796506,0.069063,6.317696,37.184787,7.440494,0.135385,0.122315,8.523166,80.876587,2.622529,0.604337,4.398685,4.132889,1.744851,1.785166,0.824927,1.000682,0.48878,93.532642,92.350103,0.716667,0.506702,0.923501,0.507185,0.824927,70.070093,70.613809
K64__S,95.408396,56.175323,33.40538,22.769943,6.026031,0.048396,3.984544,26.00316,3.170943,0.14574,0.111121,9.892771,62.016498,15.632483,0.305533,0.833504,6.616498,0.740502,1.521165,0.849763,1.000508,0.589065,78.525767,82.304881,0.7,0.0,0.823049,0.336651,0.849763,52.372423,54.804491
G45__S,92.633228,35.754569,16.779507,18.975062,1.125694,0.076846,6.615564,46.573998,2.486559,0.137832,0.040071,2.632634,27.745326,40.724376,0.151455,7.237815,14.101561,1.486828,2.070417,0.809176,1.00083,0.38637,44.479521,48.01681,0.683333,0.361042,0.480168,0.691445,0.809176,57.206237,59.48747
N80-82__S,83.249411,37.674298,22.844939,14.829359,0.978455,0.075486,6.046328,36.36488,2.109965,0.169264,0.129631,10.31013,61.016999,5.852872,1.682353,0.302439,3.954999,0.486116,1.930327,0.861118,1.000908,0.452985,75.282127,90.429621,0.666667,0.0,0.904296,0.600953,0.861118,57.871806,61.848828
C25__I,73.660554,24.69795,14.167344,10.530606,0.279119,0.044571,3.544069,35.499108,9.595737,0.091553,0.050906,2.409871,47.441371,1.644457,0.113693,3.859298,18.140962,1.359517,2.043092,0.703646,1.000606,0.335537,67.992204,92.304769,0.65,0.279561,0.923048,0.673794,0.703646,63.726831,65.966227
N78__S,68.853164,59.381275,56.054858,3.326416,0.156828,0.018086,1.506799,7.743523,0.046653,0.194158,0.114863,8.734896,54.202792,2.015162,0.800988,0.179318,2.805154,3.664421,1.234641,0.977766,1.000263,0.862582,65.742842,95.482674,0.633333,1.0,0.954827,0.151568,0.977766,78.477356,75.957363
E37-39__S,68.319223,21.521055,12.929194,8.591861,1.032752,0.074632,10.425418,32.671893,2.593474,0.163075,0.088125,8.59972,49.643992,5.670276,2.782268,0.198117,1.336736,0.917891,2.212553,0.819274,1.001094,0.315461,59.580448,87.208908,0.616667,0.0,0.872089,0.783259,0.819274,58.173558,63.102891
J61__S,67.930277,31.690474,8.106992,23.583482,0.69923,0.053231,6.134742,24.02445,5.32815,0.149775,0.062326,6.463882,35.644674,16.8574,0.134145,1.149742,7.618115,0.454818,1.82557,0.821554,1.000784,0.466876,49.726672,73.202515,0.6,0.0,0.732025,0.533284,0.821554,50.623202,54.397393
J62_63__S,62.022896,29.61752,15.981438,13.636082,0.710711,0.03863,4.443676,20.721116,6.491243,0.121882,0.056185,5.613403,32.256354,1.777422,1.305105,16.66694,4.347497,0.304924,1.716285,0.811027,1.000623,0.477846,42.217254,68.067209,0.583333,0.0,0.680672,0.462691,0.811027,47.789232,51.241153
S96__S,58.736149,39.69368,10.264599,29.429081,0.805913,0.031039,3.635192,13.942488,0.627836,0.170203,0.020236,1.579087,4.386209,52.32023,0.078231,0.094425,0.257738,1.136824,1.567574,0.905113,1.000529,0.676054,6.223035,10.594897,0.566667,0.116727,0.105949,0.366629,0.905113,35.976384,38.918127
I__S,57.741833,27.29934,15.044212,12.255128,1.271669,0.052404,4.091589,23.523094,1.503736,0.179646,0.029664,2.003248,12.798081,42.58347,0.201919,0.071582,0.053876,0.437866,1.914796,0.843428,1.000908,0.473214,14.855205,25.726938,0.55,0.0,0.257269,0.590921,0.843428,38.946967,43.368712
C23__I,56.026622,17.01799,9.470953,7.547036,0.351854,0.065358,4.756467,25.862614,7.97234,0.169072,0.099607,5.244546,40.071902,1.420561,0.054909,0.245763,8.889339,1.757155,2.110151,0.712704,1.001168,0.304177,54.205787,96.750054,0.533333,0.513098,0.967501,0.717112,0.712704,69.128887,71.04581
N77__S,49.553762,25.097956,3.834747,21.263209,0.796743,0.033746,2.599257,17.415218,3.610842,0.142635,0.088628,6.752008,37.565767,1.315131,0.028867,0.331197,3.472169,1.165766,1.728762,0.829186,1.000682,0.506811,47.789945,96.440599,0.516667,0.139611,0.964406,0.47075,0.829186,57.432809,60.651099
C16__I,48.906201,14.591245,6.880853,7.710392,0.186537,0.04643,3.076499,19.240307,11.765182,0.136045,0.055792,2.50594,37.931961,2.178481,0.106667,1.149527,4.977838,4.58151,1.862755,0.635664,1.00095,0.298746,45.415738,92.862945,0.5,1.0,0.928629,0.557304,0.635664,76.110261,74.575103
H53__S,47.82686,16.06113,16.608936,-0.547806,1.210793,0.084968,5.174834,24.141383,1.153751,0.278083,0.099848,7.121301,34.995907,2.369796,0.145628,0.135753,2.958633,2.515467,2.210781,0.834463,1.001779,0.336542,45.075841,94.247963,0.483333,0.839658,0.94248,0.782115,0.834463,78.468773,79.936707
C24__I,46.924622,5.760044,3.771777,1.988267,-0.024991,0.03098,3.813487,20.621912,16.723191,0.075213,0.04033,2.628365,24.680001,0.533926,0.16307,0.264906,18.614025,1.892967,2.05497,0.475066,1.000661,0.122971,45.922391,97.864168,0.466667,0.580865,0.978642,0.681467,0.475066,65.668998,66.214008
K66__S,46.568092,26.212559,8.614832,17.597727,1.606075,0.026448,2.228995,13.160332,3.333683,0.141058,0.043502,4.126517,35.89849,2.964862,0.027943,0.11494,3.391842,1.249574,1.585704,0.836049,1.000568,0.563178,43.416849,93.233044,0.45,0.202804,0.93233,0.37834,0.836049,55.5942,58.40213
M74_75__S,46.386254,24.689293,5.351996,19.337297,0.54374,0.037543,2.604439,16.905204,1.606035,0.177479,0.059038,4.253345,34.865773,3.046637,0.783893,0.485004,2.892569,1.197169,1.761435,0.868462,1.00081,0.532641,42.011687,90.569261,0.433333,0.163806,0.905693,0.491855,0.868462,55.808894,59.624783
E36__I,45.974044,17.913684,8.543632,9.370052,1.202141,0.043849,7.031721,19.20678,0.57587,0.163261,0.041351,3.740203,25.394497,12.503102,3.064677,0.808699,0.421524,1.634208,2.137483,0.845476,1.000955,0.390032,29.556224,64.288935,0.416667,0.447071,0.642889,0.734767,0.845476,59.286002,62.868528
T__S,44.347395,44.347395,44.34713,0.000264,0.0,0.0,0.0,0.0,0.0,0.0,0.0,0.0,0.0,44.3474,0.0,0.0,0.0,1.890067,1.0,1.0,1.0,1.0,0.0,0.0,0.4,0.57947,0.0,0.0,1.0,37.486741,37.589393
B__I,44.334154,15.433669,6.419898,9.013772,2.520218,0.048927,4.583991,19.316603,2.430744,0.18547,0.056044,3.480112,36.293614,2.022818,0.080686,0.476512,1.924371,2.162192,2.036815,0.772237,1.001105,0.348579,41.698097,94.054118,0.383333,0.701906,0.940541,0.66974,0.772237,70.357498,72.141186
C20__I,41.799372,8.832911,4.311896,4.521016,0.114444,0.019634,2.406525,12.346016,18.079842,0.059765,0.041407,2.118563,17.843843,1.635881,0.179526,0.562247,19.417907,1.17865,1.68985,0.442686,1.00047,0.211486,39.380313,94.21269,0.366667,0.149615,0.942127,0.445615,0.442686,47.951409,49.811504
C19__I,37.218868,1.016438,1.207396,-0.190958,0.189537,0.024458,4.252186,14.977196,16.759053,0.067916,0.024865,1.988539,18.136166,7.077243,0.008033,0.065724,9.9183,0.431115,2.012257,0.384232,1.000658,0.027544,30.043005,80.719825,0.35,0.0,0.807198,0.653876,0.384232,42.751574,46.192113
C27__I,34.403748,8.896349,5.220924,3.675424,0.056412,0.020681,1.656848,12.888025,10.885435,0.081257,0.02285,1.395754,13.525934,0.989365,0.135708,1.538436,16.795702,1.835258,1.818911,0.554582,1.000602,0.258821,31.71739,92.19167,0.333333,0.552683,0.921917,0.528983,0.554582,59.785152,60.772895
C22__I,31.364649,8.156851,4.499539,3.657312,0.054779,0.021315,1.810405,12.145361,9.175938,0.09206,0.031805,1.88516,20.871864,1.046842,0.048062,0.370593,7.110326,1.565235,1.839642,0.567627,1.00068,0.260339,29.86735,95.226155,0.316667,0.40782,0.952262,0.542374,0.567627,56.98539,58.912962
M73__S,26.94691,6.635518,3.076056,3.559462,0.123272,0.037704,2.824309,15.553407,1.772701,0.186761,0.0349,2.560049,23.261213,0.080765,0.084616,0.080438,0.844932,1.056708,2.247228,0.791317,1.0014,0.246893,26.666194,98.958263,0.3,0.050207,0.989583,0.805658,0.791317,55.949376,62.183217
S94__S,26.838293,12.102298,9.255691,2.846607,1.129636,0.022719,1.94152,10.888888,0.753232,0.16697,0.040549,2.583182,17.216961,3.487515,3.253644,0.140935,0.115512,2.632628,1.829333,0.84601,1.000847,0.451385,19.915655,74.206115,0.283333,0.881096,0.742061,0.535715,0.84601,66.971462,68.057939
R90-92__S,26.059993,9.863022,3.757664,6.105357,1.172649,0.022665,3.192557,11.339581,0.469519,0.150858,0.021572,2.43618,15.524915,4.693898,2.659148,0.450298,0.273987,0.362382,2.046164,0.832254,1.00087,0.378866,18.235083,69.973474,0.266667,0.0,0.699735,0.675779,0.832254,45.447198,51.65403
C18__I,25.071929,8.999225,4.848032,4.151193,0.075595,0.019087,2.004605,9.802229,4.171188,0.119317,0.037241,3.400871,21.031877,0.255232,0.005876,0.028426,0.312409,1.852781,1.889686,0.714718,1.000762,0.359269,24.745157,98.696662,0.25,0.561333,0.986967,0.574701,0.714718,63.048787,65.439216
C33__I,23.18173,8.823123,4.757427,4.065696,0.254001,0.012686,0.998615,6.973706,6.119599,0.089941,0.029497,1.747695,15.397918,0.304216,0.021933,4.11878,1.561694,0.939511,1.645735,0.645546,1.000548,0.380865,18.707307,80.698496,0.233333,0.0,0.806985,0.417118,0.645546,40.781261,44.927918
C31_32__I,21.183122,6.394339,3.27488,3.119458,0.085404,0.018506,1.124372,9.309095,4.251407,0.125864,0.013271,0.810377,7.891506,2.118614,0.103071,1.099563,9.14672,0.872958,1.929652,0.662626,1.000874,0.302209,17.848603,84.258606,0.216667,0.0,0.842586,0.600517,0.662626,44.345138,49.577522
C17__I,17.72456,4.016212,2.138074,1.878138,0.044284,0.015292,1.389074,7.046568,5.21313,0.111914,0.018948,1.444494,13.202519,0.858427,0.015281,0.038114,2.146779,0.921512,1.924632,0.583572,1.000864,0.22693,16.793791,94.748707,0.2,0.0,0.947487,0.597274,0.583572,45.399869,50.304099
C13-15__I,15.84977,4.402323,2.434992,1.967331,0.111738,0.009796,0.83882,6.770844,3.716248,0.086416,0.003543,0.302911,4.277983,1.676374,0.062323,0.171539,9.355097,0.844621,1.905433,0.634849,1.000619,0.278045,13.935991,87.925508,0.183333,0.0,0.879255,0.584872,0.634849,43.943858,49.125797
J59_60__S,15.621118,5.604868,2.777109,2.82776,-0.012788,0.014385,1.659548,6.620088,1.735016,0.143438,0.014965,2.30728,10.004097,1.247405,1.047531,0.460649,0.539194,0.201145,1.994876,0.79765,1.000922,0.359248,12.850571,82.264092,0.166667,0.0,0.822641,0.642649,0.79765,45.503848,51.872012
R93__S,13.262283,5.178292,2.957635,2.220657,0.32239,0.012419,1.370254,6.007952,0.370976,0.160005,0.015869,1.343635,9.953514,1.190267,0.599863,0.022127,0.137011,0.503888,2.048872,0.841547,1.000937,0.39089,11.43416,86.215621,0.15,0.0,0.862156,0.677528,0.841547,47.340029,54.185404
M72__S,13.022306,9.420858,3.790409,5.630449,0.539504,0.005828,0.475857,2.28867,0.291589,0.190344,0.005435,0.443754,4.36504,0.039202,1.977058,5.089804,1.102017,0.266086,1.389623,0.89545,1.000448,0.723667,5.910811,45.389896,0.133333,0.0,0.453899,0.25168,0.89545,31.221097,36.290083
A02__A,11.418311,9.292595,2.954915,6.33768,0.12796,0.004111,0.388567,1.580426,0.024652,0.205804,0.007703,0.233348,3.34487,0.937941,5.609042,0.0,1.285411,10.210636,1.287313,0.956615,1.00036,0.814075,4.863629,42.594995,0.116667,1.0,0.42595,0.185592,0.956615,55.115191,55.242894
S95__S,9.374724,4.778049,1.274162,3.503887,0.11037,0.007187,0.50795,3.674242,0.296926,0.160193,0.010495,1.133418,5.655606,1.650195,0.028723,0.444709,0.451579,1.762053,1.829129,0.844217,1.000767,0.510021,7.240603,77.235378,0.1,0.515632,0.772354,0.535583,0.844217,54.896647,58.717488
K65__S,9.044939,3.688706,1.018025,2.670681,0.574556,0.006011,0.468335,3.241677,1.065655,0.125704,0.009799,0.750687,3.509706,4.469457,0.003559,0.02017,0.281563,0.166196,1.644641,0.752038,1.000665,0.408213,4.541956,50.215437,0.083333,0.0,0.502154,0.416411,0.752038,31.747267,37.172848
C30__I,8.036153,1.831692,0.997739,0.833953,0.020353,0.003463,0.357308,2.044664,3.778672,0.056003,0.006292,0.52599,3.255355,0.151378,0.070955,0.988302,3.037881,0.197481,1.554365,0.452634,1.000431,0.228116,6.819226,84.856853,0.066667,0.0,0.848569,0.358097,0.452634,34.708511,38.428833
N79__S,4.945691,0.980184,0.595976,0.384208,-0.044811,0.006693,0.52202,2.73016,0.751446,0.166886,0.004733,0.379544,2.660662,1.218738,0.232365,0.006393,0.443258,0.379385,2.216375,0.741393,1.001354,0.198832,3.483463,70.434304,0.05,0.0,0.704343,0.785728,0.741393,41.515401,48.90101
J58__S,4.606006,1.558589,0.948427,0.610162,0.034451,0.004206,0.36694,1.89314,0.748679,0.139603,0.007701,0.550807,2.345081,0.962947,0.006744,0.426366,0.306359,0.287149,1.914795,0.740711,1.000914,0.338801,3.202248,69.523314,0.033333,0.0,0.695233,0.59092,0.740711,38.021957,44.513445
C29__I,1.303326,0.225861,0.148382,0.077479,0.002492,0.000768,0.056345,0.528779,0.48908,0.071429,0.000707,0.040894,0.324231,0.135148,0.013971,0.099839,0.688535,0.037406,1.864398,0.499078,1.00059,0.173529,1.05366,80.843965,0.016667,0.0,0.80844,0.558365,0.499078,36.405984,41.609871
