code,indicator,latest_year,Rieti,Viterbo,L'Aquila,Terni,Frosinone,Lazio,Italia,Rieti (3-yr avg),Italia (3-yr avg)
02IST002,"At least upper-secondary, aged 25-64 (%)",2024,73.9,70.6,71.8,76.6,74.7,75.1,66.7,69.2,65.06666666666666
02IST003P,"Graduates and other tertiary, aged 25-39 (%)",2024,23.9,25.5,30.9,30.7,27.3,35.3,30.9,22.766666666666666,29.833333333333332
02IST004,Diploma holders enrolling at university in the same year (%),2022,55.6,55.4,62.6,59.3,50.8,57.4,51.7,54.166666666666664,51.666666666666664
02IST006,NEET aged 15-29 (%),2024,12.0,14.3,18.5,10.7,15.9,15.2,15.2,14.533333333333333,16.766666666666666
02IST007,"Lifelong learning, aged 25-64 (%)",2024,9.7,10.1,8.6,10.1,9.8,11.3,10.4,10.633333333333333,10.533333333333333
02IST010P,"Inadequate numeracy, lower-secondary year 3 (%)",2024,47.4,43.4,39.5,33.0,48.8,44.1,44.0,48.6,43.93333333333334
03LAV001,Employment rate aged 20-64 (%),2024,67.6,68.4,67.3,70.1,62.8,69.0,67.1,65.5,66.06666666666666
04BEC002P,Average gross annual pay of employees (EUR),2023,18480.3,17740.2,19573.5,20923.0,20333.2,24169.1,23630.3,17560.866666666665,22784.533333333336
11RIC025,"Net migration of Italian graduates aged 25-39, per 1,000 graduates",2023,-32.8,-12.9,-18.1,-23.5,-29.6,5.0,-6.2,-26.46666666666667,-4.466666666666667
