province,graduate_net_migration_2023,rank_most_negative
Caltanissetta,-64.7,1
Enna,-57.9,2
Crotone,-55.0,3
Foggia,-53.2,4
Vibo Valentia,-52.9,5
Agrigento,-50.3,6
Potenza,-49.1,7
Matera,-47.9,8
Reggio di Calabria,-45.0,9
Nuoro,-43.5,10
Taranto,-42.5,11
Campobasso,-41.3,12
Trapani,-41.1,13
Cosenza,-41.0,14
Brindisi,-40.5,15
Benevento,-40.3,16
Avellino,-37.6,17
Barletta-Andria-Trani,-37.0,18
Isernia,-36.5,19
Siracusa,-36.1,20
Messina,-35.3,21
Rieti,-32.8,22
Ragusa,-32.8,22
Catanzaro,-32.5,24
Sud Sardegna,-32.4,25
Lecce,-31.0,26
Salerno,-29.9,27
Frosinone,-29.6,28
Napoli,-28.7,29
Imperia,-27.0,30
Palermo,-25.9,31
Caserta,-25.4,32
Vercelli,-24.3,33
Terni,-23.5,34
Ascoli Piceno,-22.0,35
Oristano,-21.9,36
Latina,-21.6,37
Rovigo,-21.4,38
Catania,-21.3,39
Teramo,-21.2,40
Chieti,-20.5,41
Massa-Carrara,-19.5,42
Fermo,-19.5,42
Bari,-18.1,44
L'Aquila,-18.1,44
Sondrio,-17.6,46
Grosseto,-17.4,47
Savona,-16.2,48
Macerata,-16.0,49
Asti,-15.0,50
Belluno,-14.8,51
Alessandria,-14.7,52
Cuneo,-14.2,53
Arezzo,-14.1,54
Sassari,-13.8,55
Biella,-13.3,56
Aosta,-13.0,57
Viterbo,-12.9,58
Perugia,-12.0,59
Pescara,-11.6,60
Venezia,-11.3,61
Siena,-11.2,62
Pordenone,-11.1,63
Pesaro e Urbino,-10.7,64
Prato,-10.1,65
Treviso,-9.6,66
Vicenza,-9.5,67
Ancona,-8.2,68
Lecco,-7.9,69
Mantova,-7.1,70
Cremona,-6.9,71
Pistoia,-6.5,72
Gorizia,-6.2,73
Udine,-5.3,74
Verbano-Cusio-Ossola,-5.0,75
Bergamo,-2.8,76
Brescia,-2.4,77
Como,-1.6,78
Lodi,-1.4,79
Genova,-0.9,80
Lucca,-0.4,81
Livorno,-0.2,82
La Spezia,0.2,83
Verona,1.7,84
Novara,2.1,85
Piacenza,2.4,86
Varese,2.6,87
Cagliari,3.1,88
Pavia,3.3,89
Padova,4.1,90
Rimini,5.0,91
Ferrara,6.2,92
Ravenna,6.5,93
Forlì-Cesena,7.0,94
Reggio nell'Emilia,9.5,95
Pisa,10.1,96
Trieste,12.0,97
Firenze,12.9,98
Roma,13.6,99
Modena,15.7,100
Parma,18.1,101
Monza e della Brianza,18.4,102
Torino,28.5,103
Milano,33.4,104
Bologna,36.7,105
