,,municipalities,resident_workers,share_same_municipality,share_rieti_city,share_rome_province,jobs_per_resident_worker,population_change_pct
distance_band,55-85,39.0,28165.0,0.5449316527605184,0.13839872181785903,0.12089472749866856,0.9030356825847683,-2.0677367515580913
distance_band,<55,27.0,18289.0,0.2665536661381158,0.051943791349991796,0.4548089015255071,0.6457433429930559,1.1029355983457334
distance_band,>85,7.0,1947.0,0.613251155624037,0.11145351823317926,0.108371854134566,0.923472008217771,-5.680898650288723
rome_car_time_band,<=90 min,28.0,19037.0,0.2650102432105899,0.055313337185480906,0.45080632452592323,0.6465829700057782,0.8490765537696232
rome_car_time_band,91-105 min,32.0,26231.0,0.568068316114521,0.1258053448210133,0.11566467157180435,0.931950745301361,-1.9369505495401507
rome_car_time_band,>105 min,13.0,3133.0,0.4695180338333865,0.22725821895946377,0.1015001595914459,0.7299712735397382,-4.612576205790853
rieti_car_time_band,<=30 min,27.0,27482.0,0.543555781966378,0.14307546757877884,0.13208645658976784,0.9064842442325886,-1.7546958815461866
rieti_car_time_band,31-45 min,27.0,12860.0,0.2979782270606532,0.06415241057542768,0.4321150855365474,0.702099533437014,-0.2139020826807836
rieti_car_time_band,>45 min,19.0,8059.0,0.3284526616205485,0.03821814120858667,0.34086114902593373,0.6329569425487033,-0.03715381771143278
