pro_com_t,resident_workers,work_in_same_municipality,work_other_rieti_municipality,work_in_rieti_city,work_in_rome_province,work_in_rome_city,work_elsewhere,jobs_filled_by_commuters,jobs_filled_from_outside_province,share_rome_province,share_rieti_city,jobs_per_resident_worker,car_minutes_to_rome_city,road_km_to_rome_city,car_minutes_to_rieti_city,road_km_to_rieti_city,comune,popolazione_2025,variazione_pct_popolazione_2021_2025,distanza_corretta_roma_km,distance_band
057059,15809,12042,1911,0,1436,1244,420,18267,1160,0.09083433487254096,0.0,1.1554810550951988,94,89.9,0,0.0,Rieti,45083,-1.79,67.2,55-85
057027,4702,1377,322,121,2943,1933,60,5062,2289,0.625903870693322,0.025733730327520205,1.0765631646108038,78,57.8,41,39.8,Fara in Sabina,13885,1.07,40.5,<55
057016,2047,642,1110,940,217,187,78,2394,205,0.10600879335613092,0.4592085979482169,1.1695163654127991,96,95.0,10,9.5,Cittaducale,6397,-1.63,71.2,55-85
057053,1985,633,490,71,814,629,48,1565,144,0.4100755667506297,0.035768261964735516,0.7884130982367759,80,60.8,47,37.7,Poggio Mirteto,6065,-1.41,45.1,<55
057044,1345,259,483,55,588,435,15,519,44,0.43717472118959105,0.040892193308550186,0.3858736059479554,77,58.9,45,43.7,Montopoli di Sabina,4098,0.42,41.7,<55
057007,1277,480,156,98,245,210,396,728,166,0.1918559122944401,0.07674236491777604,0.5700861393891934,91,95.2,35,43.7,Borgorose,4213,-1.1,78.1,55-85
057025,1215,273,722,531,140,123,80,507,15,0.11522633744855967,0.43703703703703706,0.41728395061728396,95,92.9,13,12.3,Contigliano,3670,-2.7,65.7,55-85
057035,1066,538,91,27,185,158,252,921,229,0.17354596622889307,0.025328330206378986,0.8639774859287055,80,76.8,60,78.8,Magliano Sabina,3452,-2.13,53.1,<55
057064,1047,198,282,82,551,407,16,287,32,0.5262655205348615,0.07831900668576887,0.27411652340019105,81,64.7,36,36.9,Scandriglia,3278,4.46,46.4,<55
057029,932,174,263,25,454,361,41,347,47,0.4871244635193133,0.02682403433476395,0.3723175965665236,74,63.6,55,45.5,Forano,3268,8.07,45.5,<55
057054,924,318,252,101,342,283,12,781,45,0.37012987012987014,0.10930735930735931,0.8452380952380952,82,69.5,29,31.9,Poggio Moiano,2811,1.74,50.7,<55
057055,841,167,310,92,350,240,14,281,22,0.4161712247324614,0.10939357907253269,0.3341260404280618,79,66.9,29,31.5,Poggio Nativo,2557,1.75,46.2,<55
057009,806,125,573,457,80,69,28,193,2,0.09925558312655088,0.5669975186104218,0.23945409429280398,103,101.9,16,12.1,Cantalice,2414,-2.7,79.3,55-85
057003,739,222,407,207,55,46,55,343,16,0.07442489851150202,0.28010825439783493,0.46414073071718537,105,108.4,22,22.9,Antrodoco,2258,-4.77,80.5,55-85
057066,724,161,172,17,335,273,56,235,20,0.462707182320442,0.023480662983425413,0.324585635359116,72,62.3,56,47.0,Stimigliano,2211,0.0,45.9,<55
057002,721,494,113,66,74,70,40,715,80,0.10263522884882108,0.09153952843273232,0.9916782246879334,133,147.6,53,62.0,Amatrice,2181,-5.99,113.3,>85
057033,642,422,106,84,75,62,39,575,64,0.11682242990654206,0.1308411214953271,0.8956386292834891,129,125.1,44,37.1,Leonessa,2051,-4.2,94.6,>85
057051,597,136,378,257,50,41,33,185,5,0.08375209380234507,0.4304857621440536,0.3098827470686767,107,105.4,19,14.6,Poggio Bustone,1971,-0.76,81.8,55-85
057010,520,111,184,14,205,168,20,190,6,0.3942307692307692,0.026923076923076925,0.36538461538461536,79,70.3,48,40.5,Cantalupo in Sabina,1657,1.41,49.0,<55
057049,476,143,147,70,95,69,91,181,22,0.19957983193277312,0.14705882352941177,0.3802521008403361,98,104.8,38,46.6,Pescorocchiano,1806,-6.18,71.7,55-85
057021,476,109,148,18,143,117,76,197,47,0.3004201680672269,0.037815126050420166,0.41386554621848737,82,72.6,59,48.8,Collevecchio,1611,6.9,49.4,<55
057031,456,89,278,197,52,39,37,195,17,0.11403508771929824,0.43201754385964913,0.4276315789473684,98,100.0,15,13.2,Greccio,1459,-2.21,68.4,55-85
057067,413,99,132,9,151,123,31,172,16,0.36561743341404357,0.021791767554479417,0.41646489104116224,82,72.0,53,43.8,Tarano,1375,-0.51,51.3,<55
057069,408,80,163,109,154,139,11,231,14,0.37745098039215685,0.26715686274509803,0.5661764705882353,85,73.7,22,22.0,Torricella in Sabina,1290,-5.43,57.5,55-85
057070,387,117,136,19,110,84,24,244,10,0.2842377260981912,0.04909560723514212,0.6304909560723514,82,73.1,44,35.6,Torri in Sabina,1216,1.67,54.8,<55
057041,370,77,148,56,132,100,13,92,2,0.3567567567567568,0.15135135135135136,0.24864864864864866,82,70.4,27,28.8,Monteleone Sabino,1124,-5.07,52.1,<55
057052,362,47,153,26,156,113,6,91,6,0.430939226519337,0.0718232044198895,0.2513812154696133,83,73.3,38,31.9,Poggio Catino,1307,5.4,49.9,<55
057012,359,111,114,17,118,95,16,219,11,0.3286908077994429,0.04735376044568245,0.6100278551532033,83,74.2,43,34.9,Casperia,1197,-1.07,55.5,55-85
057060,344,69,235,158,23,22,17,136,8,0.06686046511627906,0.45930232558139533,0.3953488372093023,107,105.0,20,16.5,Rivodutri,1123,-1.32,80.9,55-85
057015,343,66,222,129,42,30,13,113,3,0.12244897959183673,0.3760932944606414,0.3294460641399417,100,102.8,16,17.3,Castel Sant'Angelo,1182,-2.23,74.3,55-85
057068,343,65,117,26,155,114,6,78,4,0.4518950437317784,0.07580174927113703,0.22740524781341107,80,61.4,34,34.6,Toffia,1070,1.23,42.9,<55
057028,336,93,156,76,65,52,22,122,7,0.19345238095238096,0.2261904761904762,0.3630952380952381,101,110.7,30,33.6,Fiamignano,1162,-4.36,80.0,55-85
057065,314,61,113,12,124,99,16,120,8,0.39490445859872614,0.03821656050955414,0.3821656050955414,79,68.3,51,41.5,Selci,1135,5.0,48.7,<55
057008,306,73,186,89,29,25,18,162,5,0.09477124183006536,0.2908496732026144,0.5294117647058824,104,106.4,20,20.9,Borgo Velino,903,-3.32,76.9,55-85
057050,298,89,153,95,45,42,11,206,20,0.15100671140939598,0.3187919463087248,0.6912751677852349,105,117.7,24,25.5,Petrella Salto,1026,-2.75,72.7,55-85
057014,271,75,68,12,122,91,6,121,13,0.45018450184501846,0.04428044280442804,0.44649446494464945,79,62.4,34,36.3,Castelnuovo di Farfa,983,-1.11,45.1,<55
057040,246,72,76,14,69,62,29,166,16,0.2804878048780488,0.056910569105691054,0.6747967479674797,83,73.7,50,42.1,Montebuono,837,-4.01,56.0,55-85
057030,230,41,102,30,85,55,2,98,2,0.3695652173913043,0.13043478260869565,0.4260869565217391,79,65.9,28,30.5,Frasso Sabino,734,0.96,48.4,<55
057062,206,61,83,52,60,52,2,100,6,0.2912621359223301,0.2524271844660194,0.4854368932038835,94,84.0,22,21.2,Rocca Sinibalda,801,2.3,60.2,55-85
057005,197,39,109,82,45,38,4,58,8,0.22842639593908629,0.41624365482233505,0.29441624365482233,92,83.0,19,16.4,Belmonte in Sabina,633,-0.63,64.2,55-85
057043,196,45,113,77,33,28,5,69,1,0.1683673469387755,0.39285714285714285,0.3520408163265306,99,85.6,23,21.8,Monte San Giovanni in Sabina,664,2.47,58.4,55-85
057011,195,34,72,32,81,67,8,58,2,0.4153846153846154,0.1641025641025641,0.29743589743589743,84,71.7,27,24.7,Casaprota,675,-3.43,51.4,<55
057024,167,52,24,6,15,12,76,65,8,0.08982035928143713,0.03592814371257485,0.38922155688622756,93,82.3,40,33.9,Configni,567,-2.74,65.5,55-85
057057,163,75,64,21,19,17,5,138,4,0.1165644171779141,0.12883435582822086,0.8466257668711656,116,121.8,34,36.3,Posta,535,-9.17,90.7,>85
057056,158,41,63,33,50,41,4,105,5,0.31645569620253167,0.2088607594936709,0.6645569620253164,81,70.0,21,22.7,Poggio San Lorenzo,553,5.94,53.2,<55
057006,152,73,53,14,17,17,9,127,13,0.1118421052631579,0.09210526315789473,0.8355263157894737,120,125.9,38,40.4,Borbona,577,-2.04,91.7,>85
057001,147,84,43,15,5,5,15,165,46,0.034013605442176874,0.10204081632653061,1.1224489795918366,138,153.7,59,68.2,Accumoli,503,-9.37,114.5,>85
057063,145,22,54,16,67,58,2,24,2,0.46206896551724136,0.1103448275862069,0.16551724137931034,87,66.6,41,35.1,Salisano,474,-7.78,50.7,<55
057061,143,31,65,8,47,37,0,69,6,0.32867132867132864,0.055944055944055944,0.4825174825174825,83,74.5,47,37.3,Roccantica,526,-4.71,53.8,<55
057026,142,41,49,19,22,18,30,75,3,0.15492957746478872,0.13380281690140844,0.528169014084507,93,82.0,32,27.0,Cottanello,529,-0.38,65.4,55-85
057038,137,36,59,19,41,35,1,48,1,0.29927007299270075,0.1386861313868613,0.35036496350364965,93,71.2,39,35.6,Mompeo,519,5.06,50.2,<55
057022,137,24,53,35,12,9,48,53,4,0.08759124087591241,0.25547445255474455,0.38686131386861317,104,107.7,20,16.4,Colli sul Velino,461,-0.86,75.0,55-85
057018,116,25,13,0,44,36,34,46,20,0.3793103448275862,0.0,0.39655172413793105,92,77.3,59,49.1,Collalto Sabino,383,-3.04,63.2,55-85
057034,116,25,63,45,27,26,1,41,1,0.23275862068965517,0.3879310344827586,0.35344827586206895,105,94.3,34,26.6,Longone Sabino,513,-7.23,65.9,55-85
057047,103,37,18,7,45,30,3,46,5,0.4368932038834951,0.06796116504854369,0.44660194174757284,91,68.0,43,44.6,Orvinio,387,-0.77,52.5,<55
057032,97,31,33,20,5,5,28,61,18,0.05154639175257732,0.20618556701030927,0.6288659793814433,108,110.4,26,20.2,Labro,346,-7.73,79.0,55-85
057017,95,35,45,12,13,12,2,59,10,0.1368421052631579,0.12631578947368421,0.6210526315789474,126,135.6,45,50.0,Cittareale,374,-9.88,104.7,>85
057039,89,16,32,7,30,23,11,112,3,0.33707865168539325,0.07865168539325842,1.2584269662921348,92,81.2,36,29.6,Montasola,396,3.66,61.1,55-85
057045,85,21,49,39,10,7,5,55,2,0.11764705882352941,0.4588235294117647,0.6470588235294118,110,106.6,23,18.1,Morro Reatino,335,-2.62,82.5,55-85
057019,85,30,30,11,20,18,5,42,1,0.23529411764705882,0.12941176470588237,0.49411764705882355,98,81.4,34,30.7,Colle di Tora,349,-2.79,54.5,<55
057023,71,23,32,27,15,10,1,30,0,0.2112676056338028,0.38028169014084506,0.4225352112676056,104,104.1,20,18.3,Concerviano,280,-0.71,65.2,55-85
057042,71,17,29,11,22,19,3,17,0,0.30985915492957744,0.15492957746478872,0.23943661971830985,89,76.0,27,24.2,Montenero Sabino,265,-4.68,54.5,<55
057013,68,33,15,9,15,12,5,45,4,0.22058823529411764,0.1323529411764706,0.6617647058823529,96,87.0,39,33.3,Castel di Tora,273,2.25,57.5,55-85
057058,61,15,15,6,29,26,2,24,4,0.47540983606557374,0.09836065573770492,0.39344262295081966,93,80.6,42,43.0,Pozzaglia Sabina,305,-3.17,56.7,55-85
057071,60,10,5,0,29,26,16,19,9,0.48333333333333334,0.0,0.31666666666666665,88,76.0,58,50.8,Turania,238,4.39,56.1,55-85
057072,58,13,19,0,13,13,13,28,3,0.22413793103448276,0.0,0.4827586206896552,92,79.5,46,37.0,Vacone,223,-1.33,60.8,55-85
057004,55,20,16,8,17,12,2,24,2,0.3090909090909091,0.14545454545454545,0.43636363636363634,96,84.8,45,37.8,Ascrea,203,-4.69,60.6,55-85
057046,47,10,5,0,15,14,17,34,16,0.3191489361702128,0.0,0.723404255319149,92,79.1,65,63.2,Nespolo,205,7.33,63.9,55-85
057073,44,17,13,10,14,11,0,35,5,0.3181818181818182,0.22727272727272727,0.7954545454545454,114,96.5,38,30.9,Varco Sabino,151,-14.69,65.5,55-85
057048,39,11,7,0,14,10,7,17,2,0.358974358974359,0.0,0.4358974358974359,92,81.8,47,40.2,Paganico Sabino,161,3.87,59.2,55-85
057020,33,8,1,1,21,12,3,78,53,0.6363636363636364,0.030303030303030304,2.3636363636363638,97,83.1,67,57.5,Collegiove,129,-4.44,63.2,55-85
057037,27,11,8,5,8,7,0,19,1,0.2962962962962963,0.18518518518518517,0.7037037037037037,117,117.2,35,31.7,Micigliano,120,5.26,85.4,>85
057036,19,3,11,11,5,3,0,17,0,0.2631578947368421,0.5789473684210527,0.8947368421052632,117,93.4,55,40.2,Marcetelli,53,-30.26,66.2,55-85
