year,motive,destination,people,share_of_resident_commuters
2011,study,Rome province,1691,0.07225569371448105
2011,study,other Italian province,1194,0.05101910011536982
2011,study,other Rieti municipality,5371,0.22950049138999273
2011,study,same municipality,15147,0.6472247147801564
2011,study,of which Rieti city (from other municipalities),2862,0.12229201384437892
2011,study,of which Rome city,1495,0.06388069905567663
2011,study,inbound from outside province,1429,0.06106054779301799
2011,work,Rome province,10079,0.21165032233678419
2011,work,other Italian province,2506,0.05262384242246068
2011,work,other Rieti municipality,11430,0.24002015917347388
2011,work,same municipality,23606,0.4957056760672812
2011,work,of which Rieti city (from other municipalities),4897,0.1028327838558619
2011,work,of which Rome city,7736,0.16244933957707733
2011,work,inbound from outside province,3079,0.06465634908968733
2021,work,Rome province,11934,0.24656515361252868
2021,work,other Italian province,2515,0.051961736327761826
2021,work,other Rieti municipality,12535,0.258982252432801
2021,work,same municipality,21417,0.44249085762690854
2021,work,of which Rieti city (from other municipalities),5065,0.10464659821078078
2021,work,of which Rome city,9176,0.1895828598582674
2021,work,inbound from outside province,5090,0.10516311646453586
