threshold,side,municipalities,population_start2021,population_start2025,change_people,change_pct,area_km2,density,age65_pct,age0_14_pct,ageing_ratio,dependency_ratio,mean_age,incorrect_pop_weighted_ageing,municipalities_declining
50,below,14.0,43097.0,43859.0,762.0,1.7681045084344538,313.056,140.0995349074926,24.19115802913883,11.258806630338125,214.86431753746464,54.91858288297834,46.31877151781846,217.99711586850717,2.0
50,at_or_above,59.0,108238.0,105907.0,-2331.0,-2.1535874646612108,2437.1906,43.454541470823,28.88383204131927,9.82937860575788,293.852065321806,63.1673009074522,49.026457174691004,319.24618694916103,47.0
55,below,27.0,56957.0,57585.0,628.0,1.1025861614902377,578.5633,99.53102797913382,25.419814187722498,10.846574628809583,234.3579891130324,56.90308165990027,47.02759399149084,241.73193392331675,11.0
55,at_or_above,46.0,94378.0,92181.0,-2197.0,-2.327873021254956,2171.6832999999997,42.446796915553946,28.815048654277998,9.874052136557426,291.8259723137772,63.10313710918839,48.98684110608477,319.49542759492147,38.0
60,below,35.0,62016.0,62550.0,534.0,0.8610681114550989,738.3954000000001,84.71071190313481,25.920063948840927,10.673061550759389,242.85500299580593,57.71160585966062,47.358321342925656,266.2766586798821,15.0
60,at_or_above,38.0,89319.0,87216.0,-2103.0,-2.3544822490175643,2011.8512,43.351118611555364,28.64955971381398,9.943129700972298,288.1342250922509,62.84706014153145,48.86118372775638,306.31921236556394,34.0
80,below,61.0,137558.0,136576.0,-982.0,-0.7138806903269845,1844.6054,74.04076774360522,26.999619259606373,10.427893626991564,258.9172868979076,59.81464795984039,47.93187675726335,277.75722979825383,38.0
80,at_or_above,12.0,13777.0,13190.0,-587.0,-4.260724395732018,905.6412,14.564266731681377,32.78999241849886,8.385140257771038,391.0488245931284,69.99613352236113,51.356785443517815,412.1736170716708,11.0
85,below,66.0,144612.0,143425.0,-1187.0,-0.820817082953007,2074.0301,69.15280544867696,27.20794840508977,10.360118528847828,262.6219799448146,60.17444132986387,48.049321945267565,281.8680952656778,43.0
85,at_or_above,7.0,6723.0,6341.0,-382.0,-5.681987208091622,676.2165000000001,9.377174322129079,34.33212427061978,7.711717394732695,445.19427402862976,72.54421768707483,52.39962151080271,464.3762596785699,6.0
90,below,67.0,144726.0,143545.0,-1181.0,-0.8160247640368712,2110.8818,68.00238649080208,27.213069072416314,10.35424431362987,262.8204265626052,60.17250806190651,48.05442195827093,282.4684354277741,43.0
90,at_or_above,6.0,6609.0,6221.0,-388.0,-5.870782266606145,639.3648000000001,9.729969494723512,34.35139045169587,7.796174248513103,440.6185567010308,72.85357043623229,52.36585757916734,454.04434377460404,6.0
