profile,source_label,table,planned_hires_2025,hard_to_fill_pct
"Science specialists (maths, chemistry, physics, natural sciences)","Specialisti in scienze matematiche, chimiche",Tav4,110,98.24561403508771
Engineers,Ingegneri,Tav4,80,52.56410256410257
Production-process technicians,Tecnici della gestione dei processi produttivi,Tav4,70,65.21739130434783
Engineering technicians,Tecnici in campo ingegneristico,Tav4,100,34.0
Health technicians,Tecnici della salute,Tav4,210,63.41463414634146
"Mechanics, fitters and maintenance workers","Meccanici artigianali, montatori, riparatori",Tav4,190,75.64766839378238
Precision-mechanics workers,Operai specializzati meccanica di precisione,Tav4,60,84.7457627118644
Chemical plant operators,"Operatori impianti raffinazione gas e prod. petroliferi, per chimica",Tav4,270,
Unskilled goods-handling and delivery staff,Personale non qualificato addetto allo spostamento e alla consegna merci,Tav4,1460,3.358464701850582
Degree: chemistry-pharmaceutical,Indirizzo chimico-farmaceutico,Tav8,60,84.21052631578947
"Upper-secondary: mechanics, mechatronics, energy","Indirizzo meccanica, meccatronica ed energia",Tav8,220,68.34862385321101
"Upper-secondary: electronics, electrotechnics",Indirizzo elettronica ed elettrotecnica,Tav8,120,64.16666666666667
