path,bytes,sha256
New_Query_2026_09_30_10_19_18.csv,276408,41f3f9d215276b9664405e35bd46b22dfa1c478c76467338c7f0d174620e966a
municipality_integrated_energy_risk_latest_inputs.csv,2107333,30cfd613bfdf4787c67a1a004090a491572aaa3373995e9584fabd7d75468b1c
SAM\mrsam_euita_2022_3oe_wide.parquet,379430758,47b91a6ea2bac5fe4d5e41455c5d189af85efe7bfe38ed149c38bfe3f92c395f
analysis\sources\cciaa_rapporto_2023.pdf,1707250,9933f481103db58f3ad9c2adec36ecc7870e314b6af39a8f01566e1cdb148c30
analysis\sources\cciaa_rapporto_2024.pdf,1523785,01d41d7b6765703c189188ecf8cd1d1c2854c766ab54af22cef5b7488f2268c0
analysis\sources\cciaa_rapporto_2025.pdf,1274864,e19168704d15a383900e790e8c50e58ba0a39a07052afd7c40f4363212b28d81
analysis\sources\gse_fotovoltaico_2023.pdf,6711402,86b6e10cd09c84c459ca84d2425ab5108d5bebdd5ad79568b431f8c3039ecd17
analysis\sources\gse_fotovoltaico_2024.pdf,3094313,8393bbf34039646138174a70f1db6824f28cf190a414b9716090721c98960765
analysis\sources\terna_regioni_2024.pdf,14884360,9e49fda50e5b7c92a05acb68cc74a0f85f02c4234e2903b99cb0e83f355ef824
analysis\sources\tagliacarne_2022_download.zip,100208,ceffebca29b1a74d320deca5139451044947011db6f9df577e952be095333880
analysis\sources\tagliacarne_2024_download.zip,746825,4345dd90b0052fe8b14e9541fe32ebef82065d578e8fcf688b13de26b4fea6c8
