area,year,VA_per_resident_eur,rank,source_url,archive_member
Italia,2023  ,32632.42,,https://www.chpe.camcom.it/output_allegato.php?id=1425923,Valore aggiunto ai prezzi base e correnti procapite e piazzamento per provincia (anni 2023-2024).xlsx
Italia,2024  ,33347.99,,https://www.chpe.camcom.it/output_allegato.php?id=1425923,Valore aggiunto ai prezzi base e correnti procapite e piazzamento per provincia (anni 2023-2024).xlsx
Terni,2023  ,25146.99,72,https://www.chpe.camcom.it/output_allegato.php?id=1425923,Valore aggiunto ai prezzi base e correnti procapite e piazzamento per provincia (anni 2023-2024).xlsx
Terni,2024  ,25538.66,73,https://www.chpe.camcom.it/output_allegato.php?id=1425923,Valore aggiunto ai prezzi base e correnti procapite e piazzamento per provincia (anni 2023-2024).xlsx
Lazio,2023  ,37912.7,6,https://www.chpe.camcom.it/output_allegato.php?id=1425923,Valore aggiunto ai prezzi base e correnti procapite e piazzamento per provincia (anni 2023-2024).xlsx
Lazio,2024  ,39119.91,6,https://www.chpe.camcom.it/output_allegato.php?id=1425923,Valore aggiunto ai prezzi base e correnti procapite e piazzamento per provincia (anni 2023-2024).xlsx
Viterbo,2023  ,23135.45,80,https://www.chpe.camcom.it/output_allegato.php?id=1425923,Valore aggiunto ai prezzi base e correnti procapite e piazzamento per provincia (anni 2023-2024).xlsx
Viterbo,2024  ,24285.18,78,https://www.chpe.camcom.it/output_allegato.php?id=1425923,Valore aggiunto ai prezzi base e correnti procapite e piazzamento per provincia (anni 2023-2024).xlsx
Rieti,2023  ,23344.15,78,https://www.chpe.camcom.it/output_allegato.php?id=1425923,Valore aggiunto ai prezzi base e correnti procapite e piazzamento per provincia (anni 2023-2024).xlsx
Rieti,2024  ,24245.31,79,https://www.chpe.camcom.it/output_allegato.php?id=1425923,Valore aggiunto ai prezzi base e correnti procapite e piazzamento per provincia (anni 2023-2024).xlsx
Frosinone,2023  ,24025.2,77,https://www.chpe.camcom.it/output_allegato.php?id=1425923,Valore aggiunto ai prezzi base e correnti procapite e piazzamento per provincia (anni 2023-2024).xlsx
Frosinone,2024  ,24814.75,77,https://www.chpe.camcom.it/output_allegato.php?id=1425923,Valore aggiunto ai prezzi base e correnti procapite e piazzamento per provincia (anni 2023-2024).xlsx
L'Aquila,2023  ,28264.65,58,https://www.chpe.camcom.it/output_allegato.php?id=1425923,Valore aggiunto ai prezzi base e correnti procapite e piazzamento per provincia (anni 2023-2024).xlsx
L'Aquila,2024  ,29056.33,55,https://www.chpe.camcom.it/output_allegato.php?id=1425923,Valore aggiunto ai prezzi base e correnti procapite e piazzamento per provincia (anni 2023-2024).xlsx
