pro_com_t,comune,provincia,regione,cod_reg,latitude,longitude,altitudine,area_kmq,zona_alt,distanza_roma_km,penalita_altitudine_km,distanza_corretta_roma_km,popolazione_2025,indice_vecchiaia_2025,indice_dipendenza_2025,saldo_migratorio_2025,eta_media_2025,pct_65plus_2025,pct_0_2_2025,pct_15_64_2025,popolazione_2021,indice_vecchiaia_2021,variazione_popolazione_2021_2025,variazione_pct_popolazione_2021_2025,variazione_indice_vecchiaia_2021_2025,reddito_medio_2023,tasso_occupazione_2023,tasso_disoccupazione_2023,imprese_per_1000_ab_2023,autonomia_finanziaria_2025,dipendenza_centro_2025,spesa_infrastrutture_procapite_2025,spesa_istruzione_procapite_2025,spesa_cultura_procapite_2025,entrate_totali_2025,spese_totali_2025,saldo_bilancio_2025,pct_urbano_2025,pct_natura_2025,pct_agricoltura_2025,pct_residenziale_2025,densita_abitativa,classe_altitudine,classe_distanza_roma,age65_count,age15_64_count,age0_14_count,distance_band,change_pct_recomputed
057059,Rieti,RI,Lazio,12,42.4055570764741,12.850554360824548,409,206.455,1,63.1,4.1,67.2,45083,254.8038176033934,59.00049375749453,85,47.73724020140629,26.648625867843755,1.6724707761240378,62.89288645387396,45907,228.67160109076744,-824,-1.79,26.1,24667.041027630243,64.02867634201783,9.18605227915282,92.55426885650124,79.91076742857884,14.68330674899178,237.07996140452056,50.85506133132223,46.90161790475346,93951750.54,105729340.96,-11777590.420000017,12.783964365256123,32.55233853006681,26.48552338530067,8.610244988864142,218.4,Media (300-600m),Vicino (50-70km),12014.0,28354.0,4715.0,55-85,-1.7949332345829627
057027,Fara in Sabina,RI,Lazio,12,42.18635155380844,12.696941916630818,493,54.9624,3,35.6,4.9,40.5,13885,184.74275576581903,53.08710033076075,128,45.26035289881167,22.49909974792942,1.9229384227583728,65.32229024126755,13738,157.8918918918919,147,1.07,26.9,20881.374372384937,62.47917360879707,9.85576923076923,66.27595687721583,79.81979521563447,11.710185738369107,79.60413827871804,413.12716528628016,10.072614332012964,34087282.91000001,35382242.77,-1294959.859999992,35.684987694831825,62.96144380639869,61.89499589827727,5.701394585726004,252.6,Media (300-600m),Molto vicino (<50km),3124.0,9070.0,1691.0,<55,1.0700247488717451
057016,Cittaducale,RI,Lazio,12,42.38706363317768,12.96695518912878,486,71.2532,1,66.4,4.9,71.2,6397,265.6580937972769,60.7286432160804,40,48.119899953103015,27.45036735969986,1.7977176801625765,62.21666406127873,6503,240.30470914127423,-106,-1.63,25.4,22811.506501811986,63.45672836418209,9.13323782234957,65.96306068601584,83.55457789076429,8.29637639670704,24.476921994685007,46.81454588088167,27.79298890104737,13617164.139999997,13457128.61,160035.52999999747,14.775945360653006,84.65767116441779,7.0964517741129445,9.545227386306848,89.8,Media (300-600m),Medio (70-90km),1756.0,3980.0,661.0,55-85,-1.6300169152698718
057053,Poggio Mirteto,RI,Lazio,12,42.263406602897824,12.670620577671484,250,26.3948,3,42.6,2.5,45.1,6065,227.5297619047619,56.96169772256729,54,47.00906842539159,25.21022258862325,1.6158285243198682,63.70981038746909,6152,188.42105263157896,-87,-1.41,39.1,21302.03826955075,61.3265306122449,10.63197026022305,84.3923101987618,63.32170139393355,9.745452642031507,23.81647155812036,64.05639901071723,84.91758944765046,10108628.05,10214748.339999998,-106120.28999999724,9.639564124057,83.15171835708298,77.45180217937973,4.358759430008383,229.8,Bassa (<300m),Molto vicino (<50km),1529.0,3864.0000000000005,671.9999999999995,<55,-1.4141742522756795
057007,Borgorose,RI,Lazio,12,42.19205063840283,13.262322908368002,718,145.8042,1,71.0,7.2,78.1,4213,244.206008583691,61.47949405902645,35,47.93876097792547,27.011630666983148,2.065036790885354,61.927367671493,4260,216.90721649484536,-47,-1.1,27.3,18823.946613279943,59.0195327460743,11.487650775416428,54.399243140965,87.75365172601582,6.515777713182757,69.5596510799905,95.29525278898647,12.73651554711607,5156268.73,4659590.1,496678.6300000008,0.1799483862943846,1.4302593122318263,1.0758037435482868,0.1772277843417698,28.9,Alta (>600m),Medio (70-90km),1138.0,2609.0000000000005,465.99999999999955,55-85,-1.1032863849765207
057044,Montopoli di Sabina,RI,Lazio,12,42.22537108318918,12.666971979215305,321,37.9405,3,38.5,3.2,41.7,4098,223.7991266375546,56.7112810707457,31,46.74060517325525,25.012201073694484,1.586139580283065,63.81161542215715,4081,188.7814313346228,17,0.42,35.0,21416.52318584071,61.3116026387272,10.734463276836156,60.73965221650747,78.1500362180653,17.945408700738724,16.903101512933134,0.7986334797462177,6.293147877013177,3698254.96,3688417.86,9837.10000000056,1.7481044650379105,31.866048862679023,31.76074136478517,1.4321819713563606,108.0,Media (300-600m),Molto vicino (<50km),1025.0,2615.0000000000005,457.99999999999955,<55,0.4165645675079599
057025,Contigliano,RI,Lazio,12,42.41838660419511,12.76167276415518,431,53.5447,1,61.4,4.3,65.7,3670,202.8761061946903,59.49587136027814,11,46.516621253406,24.986376021798364,2.016348773841962,62.6975476839237,3772,179.1015625,-102,-2.7,23.8,22306.084650112865,64.85191637630662,8.929663608562691,54.10549211528004,70.74653627144141,9.83790278145365,145.28192370572208,170.14981198910084,,9356295.98,9356295.98,1.862645149230957e-09,2.313130619809184,7.481639096712198,7.220811311689203,2.155261170979477,68.5,Media (300-600m),Vicino (50-70km),917.0,2301.0,452.0,55-85,-2.7041357370095387
057035,Magliano Sabina,RI,Lazio,12,42.3591797319618,12.48778515749922,231,43.1623,3,50.8,2.3,53.1,3452,282.33618233618233,63.60189573459716,29,48.74623406720742,28.7079953650058,1.6801853997682503,61.12398609501738,3527,248.25,-75,-2.13,34.1,20077.10605427975,59.66981132075472,10.915492957746478,87.71420273017718,81.6280158920155,4.929172703297839,0.0,,16.064513325608342,5955521.460000001,6316090.849999999,-360569.3899999978,20.32258064516129,79.03225806451613,76.93548387096774,19.67741935483871,80.0,Bassa (<300m),Vicino (50-70km),991.0000000000003,2110.0,350.99999999999955,<55,-2.126453076268786
057064,Scandriglia,RI,Lazio,12,42.15642204767893,12.858915214616395,531,63.3944,1,41.1,5.3,46.4,3278,196.94656488549617,55.28185693983894,102,45.951189749847465,23.61195851128737,2.196461256863941,64.39902379499695,3138,205.9299191374663,140,4.46,-9.0,17871.041366906476,58.46153846153847,12.580877066858376,46.61280298321939,78.7273874853522,7.093743591223174,0.0,76.5099206833435,,6831315.819999999,6978465.48,-147149.66000000108,0.1140065146579804,0.7003257328990228,0.5600100225507392,0.0776747682285141,51.7,Media (300-600m),Molto vicino (<50km),774.0,2111.0,393.0,<55,4.461440407903128
057029,Forano,RI,Lazio,12,42.28377083832358,12.605492084299918,221,17.6853,3,43.3,2.2,45.5,3268,235.14376996805112,47.27354664263181,-30,45.18727050183598,22.52141982864137,1.8053855569155448,67.90085679314566,3024,194.4289693593315,244,8.07,40.7,18755.87771203156,52.771415483279895,14.476614699331847,61.98347107438016,84.98692583316316,7.668576930058911,8.461162790697674,79.75146266829864,0.9887362301101592,2818412.5500000003,2785152.77,33259.78000000073,81.60919540229885,18.199233716475096,18.199233716475096,76.62835249042146,184.8,Bassa (<300m),Molto vicino (<50km),736.0,2219.0000000000005,312.99999999999955,<55,8.06878306878307
057054,Poggio Moiano,RI,Lazio,12,42.19702768631803,12.883416446838998,493,26.9469,3,45.7,4.9,50.7,2811,241.86851211072664,54.1963795940757,5,46.55460690145856,24.86659551760939,2.0277481323372464,64.85236570615439,2763,208.06451612903223,48,1.74,33.8,19660.931597753955,60.47149122807017,10.760517799352751,87.01804032543332,88.79193278481523,2.152882004707258,13.54302739238705,204.19621842760583,0.5144859480611882,4958277.020000001,5105447.8500000015,-147170.83000000007,0.4996627276588302,0.5171509231268894,0.495915257201389,0.4172183775951233,104.3,Media (300-600m),Vicino (50-70km),699.0,1822.9999999999998,289.0000000000002,<55,1.7372421281216077
057055,Poggio Nativo,RI,Lazio,12,42.21308654745312,12.787254179959836,419,16.4555,3,42.0,4.2,46.2,2557,217.8947368421053,54.875832828588734,32,46.62416894798592,24.28627297614392,1.994524833789597,64.56785295267892,2513,205.15463917525773,44,1.75,12.7,20135.401001112343,60.89285714285714,9.94718309859155,43.25994592506759,80.73884385273278,8.920068883609744,59.924998044583496,218.345803676183,,3640763.59,3489228.1799999992,151535.4100000006,48.77192982456141,49.47368421052632,49.47368421052632,44.91228070175438,155.4,Media (300-600m),Molto vicino (<50km),621.0,1651.0,285.0,<55,1.7508953442101127
057009,Cantalice,RI,Lazio,12,42.479684617476806,12.92435701261747,613,37.624,1,73.2,6.1,79.3,2414,246.3235294117647,63.994565217391305,-12,48.30488815244408,27.75476387738194,1.739850869925435,60.97763048881525,2481,251.5267175572519,-67,-2.7,-5.2,20490.71485260771,63.30213903743316,10.406811731315042,54.24143556280588,74.43875033148854,11.230478656339775,305.0503024026512,114.19538525269262,,4192547.15,4409478.21,-216931.0599999996,0.3113109650639917,8.363887928052577,0.4842615012106537,0.2974749221722587,64.2,Alta (>600m),Medio (70-90km),670.0,1472.0000000000002,271.9999999999998,55-85,-2.7005239822652127
057003,Antrodoco,RI,Lazio,12,42.39907577723866,13.124480336599817,487,63.9043,1,75.7,4.9,80.5,2258,376.4397905759162,67.50741839762611,7,50.13994685562445,31.84233835252436,1.550044286979628,59.69884853852967,2371,279.5081967213115,-113,-4.77,96.9,21737.77605066206,62.033650329188006,10.92436974789916,71.15302186026575,40.768392692183454,41.98837910503084,110.97639946855624,68.61768821966342,241.36730735163863,4619887.130000001,5206868.880000001,-586981.75,3.7320281431630473,95.45732639951056,0.7953502600183543,3.3343530131538706,35.3,Media (300-600m),Medio (70-90km),719.0000000000001,1348.0,191.0,55-85,-4.765921552087726
057066,Stimigliano,RI,Lazio,12,42.29599416690567,12.56230160119197,183,11.3838,3,44.1,1.8,45.9,2211,188.12260536398463,51.54215215901302,10,45.30438715513343,22.2071460877431,2.125734961555857,65.98824061510629,2211,160.55363321799308,0,0.0,27.6,17427.22131147541,60.564349621472815,11.468812877263582,54.0045766590389,64.40711201915614,21.365025449699925,0.0,,,3414053.6600000006,3762416.65,-348362.9899999988,91.54929577464787,7.511737089201878,2.816901408450704,86.85446009389672,194.2,Bassa (<300m),Molto vicino (<50km),491.0,1459.0,261.0,<55,0.0
057002,Amatrice,RI,Lazio,12,42.62621667783727,13.292544823186091,952,174.3849,1,103.7,9.5,113.3,2181,365.1741293532338,75.04012841091493,-12,51.579550664832645,33.65428702430078,1.6047684548372303,57.12975699220541,2320,333.1818181818182,-139,-5.99,32.0,19001.068633353403,66.32572777340677,9.35483870967742,118.22222222222224,41.75418131664716,1.7655180643854522,0.0,34.819436038514446,4.507381934892251,11284841.86,12303131.080000002,-1018289.2200000024,0.1391138637446403,1.6218834365570909,1.194537081149754,0.1364141654756233,12.5,Alta (>600m),Lontano (>90km),734.0,1246.0,201.0,>85,-5.991379310344824
057033,Leonessa,RI,Lazio,12,42.56811821492124,13.000344910871778,976,204.0155,1,84.8,9.8,94.6,2051,490.2097902097902,69.92543496271747,-13,52.40809361287177,34.178449536811314,0.9263773768893224,58.849341784495365,2141,424.22360248447205,-90,-4.2,66.0,20465.251889168765,61.70555108608205,11.020881670533642,101.187648456057,57.94497675075608,11.693957491857027,354.59868844466115,167.01717211116528,15.918030229156509,7611790.58,9301226.07,-1689435.4900000002,15.052135889673728,84.86377396569122,7.416750756811302,14.648503195425496,10.1,Alta (>600m),Lontano (>90km),701.0,1207.0,143.0,>85,-4.20364315740308
057051,Poggio Bustone,RI,Lazio,12,42.504020431958494,12.889391903027592,754,22.3815,1,74.3,7.5,81.8,1971,261.9718309859155,64.25,10,48.95180111618468,28.31050228310502,2.029426686960933,60.882800608828006,1986,268.5,-15,-0.76,-6.5,18508.26944837341,57.190357439734,13.350125944584384,55.18650996423096,75.65152324367178,18.732553144355578,39.61158295281582,257.7535159817352,,2735963.5800000005,3377838.64,-641875.0599999996,0.8840420726592243,14.42859908369362,0.7614376976188939,0.8259663160611731,88.1,Alta (>600m),Medio (70-90km),557.9999999999999,1200.0,213.0,55-85,-0.7552870090634434
057049,Pescorocchiano,RI,Lazio,12,42.21427290397474,13.142055191491686,814,94.7728,1,63.6,8.1,71.7,1806,458.2191780821918,82.2401614530777,17,53.02879291251384,37.04318936877076,0.8305647840531563,54.87264673311185,1925,398.2142857142857,-119,-6.18,60.0,18623.941005098324,59.2482690405539,9.104704097116842,48.7152034261242,91.1264239783181,5.077190735891812,74.43456810631228,56.610642303433,,3835160.58,2996905.689999999,838254.8900000011,19.018404907975462,80.59118795315115,35.30395984383714,18.739542665923032,19.1,Alta (>600m),Medio (70-90km),669.0,991.0,146.0,55-85,-6.181818181818177
057010,Cantalupo in Sabina,RI,Lazio,12,42.30272508591338,12.641240501024042,295,10.6212,3,46.0,3.0,49.0,1657,261.6279069767442,60.09661835748792,7,48.1901025950513,27.157513578756788,2.293301146650573,62.462281231140615,1634,262.65060240963857,23,1.41,-1.0,17610.06543624161,60.7074569789675,11.805555555555555,64.41902468392534,74.05795143831007,15.413645244248322,67.20925165962582,10.171007845503922,,2067415.82,2285282.6500000004,-217866.8300000003,52.0,47.66666666666667,47.66666666666666,48.333333333333336,156.0,Bassa (<300m),Molto vicino (<50km),450.0,1035.0,172.0,<55,1.4075887392900777
057021,Collevecchio,RI,Lazio,12,42.3248091809154,12.531645339673457,241,26.9475,3,47.0,2.4,49.4,1611,350.7692307692308,57.170731707317074,-26,49.19366852886406,28.305400372439475,2.4829298572315333,63.625077591558046,1507,303.54609929078015,104,6.9,47.2,19037.179555555555,58.29195630585898,13.676470588235295,59.49367088607595,83.40817472825125,9.49551219363495,5.305878336436996,10.297157045313469,17.877094972067038,3535488.87,3837017.49,-301528.6200000001,11.042944785276074,88.95705521472392,87.73006134969324,10.920245398773003,59.8,Bassa (<300m),Molto vicino (<50km),455.99999999999994,1025.0000000000002,129.99999999999977,<55,6.901128069011286
057031,Greccio,RI,Lazio,12,42.45001310758033,12.754746892988246,396,17.8535,1,64.5,4.0,68.4,1459,313.1578947368421,75.57160048134777,0,50.67511994516792,32.62508567511995,1.5764222069910898,56.95681973954764,1492,291.41104294478527,-33,-2.21,21.7,20744.627180899908,65.43504171632897,10.0,58.66666666666666,89.07012050859268,2.269878483487264,0.0,13.509897189856066,40.73868403015764,2755769.3200000003,2988382.81,-232613.4899999993,45.6953642384106,52.64900662251656,15.89403973509934,38.41059602649007,81.7,Media (300-600m),Vicino (50-70km),476.00000000000006,831.0,152.0,55-85,-2.2117962466487895
057067,Tarano,RI,Lazio,12,42.33839520036843,12.583941408738507,232,19.9797,3,49.0,2.3,51.3,1375,323.52941176470586,57.86452353616533,11,48.813818181818185,28.000000000000004,1.2363636363636363,63.34545454545455,1382,245.27027027027023,-7,-0.51,78.3,18079.168205128204,58.8098016336056,9.18918918918919,75.70295602018746,95.27070916989064,3.5446460937898805,0.0,1.9328,,2435449.6,2538982.39,-103532.7900000005,3.292181069958848,96.57064471879286,96.57064471879283,2.5377229080932784,68.8,Bassa (<300m),Vicino (50-70km),385.00000000000006,871.0000000000001,118.99999999999989,<55,-0.506512301013029
057052,Poggio Catino,RI,Lazio,12,42.29281745869529,12.684983202588574,387,14.9813,3,46.1,3.9,49.9,1307,226.92307692307693,63.98996235884567,3,47.324407039020656,27.0849273144606,1.8362662586074985,60.97934200459066,1240,210.06289308176105,67,5.4,16.9,22580.667828106853,57.86082474226804,11.787819253438114,38.64353312302839,100.0,,23.818423871461363,32.20499617444529,,1245438.3699999996,1117505.71,127932.65999999968,12.658227848101266,41.77215189873418,37.9746835443038,8.860759493670885,87.2,Media (300-600m),Molto vicino (<50km),354.00000000000006,797.0,156.0,<55,5.403225806451606
057069,Torricella in Sabina,RI,Lazio,12,42.27375755560696,12.870148178499836,603,25.7914,3,51.5,6.0,57.5,1290,320.3252032520325,66.88227684346701,5,50.174418604651166,30.54263565891473,2.0930232558139537,59.92248062015504,1364,319.65811965811963,-74,-5.43,0.7,18807.953795379537,59.411011523687584,10.424710424710424,45.34792806880375,100.0,,179.8105581395349,1.4489147286821704,0.2061705426356589,2511235.05,3217336.73,-706101.6800000002,15.304347826086955,84.34782608695653,84.0,14.956521739130435,50.0,Alta (>600m),Vicino (50-70km),394.0,773.0,123.0,55-85,-5.425219941348969
057070,Torri in Sabina,RI,Lazio,12,42.36077588468253,12.627940074180303,270,26.3048,3,52.1,2.7,54.8,1216,331.85840707964604,67.03296703296704,0,50.21792763157895,30.838815789473685,1.4802631578947367,59.86842105263158,1196,309.91735537190084,20,1.67,21.9,20496.967816091958,59.481582537517056,12.625250501002002,64.51612903225806,80.17646366948033,12.924685457041976,0.8982730263157894,157.3881414473684,0.1805921052631579,2553996.17,2288254.58,265741.5900000003,15.705128205128204,84.2948717948718,84.29487179487181,12.820512820512825,46.2,Bassa (<300m),Vicino (50-70km),375.0,728.0,113.0,<55,1.6722408026755842
057012,Casperia,RI,Lazio,12,42.34549253803479,12.684452761361037,386,25.3087,3,51.6,3.9,55.5,1197,275.78125,67.17877094972067,30,49.35171261487051,29.490392648287383,1.7543859649122806,59.81620718462823,1210,253.38345864661653,-13,-1.07,22.4,21038.910256410258,59.02777777777778,11.825726141078835,67.51054852320675,96.35634261953253,1.151691215304048,344.91847117794487,45.351971595655804,73.03842105263158,2174924.82,1959299.08,215625.73999999976,35.714285714285715,62.5,53.57142857142857,25.0,47.3,Media (300-600m),Vicino (50-70km),353.0,716.0,128.0,55-85,-1.074380165289257
057015,Castel Sant'Angelo,RI,Lazio,12,42.39822232617605,13.018317285707075,441,31.2697,1,69.9,4.4,74.3,1182,345.7142857142857,65.54621848739495,-13,49.85194585448392,30.710659898477157,1.6074450084602367,60.40609137055838,1209,318.8034188034188,-27,-2.23,26.9,19697.223255813955,58.92116182572615,11.983471074380166,55.55555555555556,56.99584952715805,35.1010513749515,307.3502538071066,66.82501692047377,26.22115905245347,2332686.1200000006,2851703.9000000004,-519017.7799999998,4.35978835978836,95.51322751322752,4.042328042328043,3.788359788359788,37.8,Media (300-600m),Medio (70-90km),363.0,714.0,105.0,55-85,-2.2332506203473934
057028,Fiamignano,RI,Lazio,12,42.2997108193705,13.157390965316631,982,100.618,1,70.2,9.8,80.0,1162,564.1025641025641,80.43478260869566,2,54.32185886402754,37.8657487091222,1.1187607573149745,55.42168674698795,1215,553.0864197530864,-53,-4.36,11.0,18960.03863134658,62.78713629402757,12.205567451820128,42.821158690176325,89.52391703766996,7.822360082322935,171.4602065404475,,,3906076.36,3906076.360000001,-4.656612873077393e-10,3.289633406166545,96.64967225054625,5.122602573440156,3.2289390628793395,11.5,Alta (>600m),Medio (70-90km),440.0,644.0,78.0,55-85,-4.362139917695473
057065,Selci,RI,Lazio,12,42.31342623325023,12.618828000157391,195,7.7281,3,46.8,2.0,48.7,1135,279.3103448275862,63.30935251798561,-1,48.60969162995595,28.54625550660793,1.145374449339207,61.23348017621145,1081,247.15447154471545,54,5.0,32.2,17254.735332464144,56.67613636363637,10.135135135135137,64.63195691202873,88.80937139296708,8.808936476312288,35.16259911894274,,1.0748898678414096,990853.35,1171947.2099999995,-181093.85999999964,9.95475113122172,89.59276018099548,89.59276018099547,9.049773755656108,146.9,Bassa (<300m),Molto vicino (<50km),324.0,695.0,116.0,<55,4.995374653098983
057041,Monteleone Sabino,RI,Lazio,12,42.22493930828503,12.868632027159409,494,19.0398,3,47.2,4.9,52.1,1124,335.5769230769231,67.51117734724292,14,50.29003558718861,31.049822064056944,1.2455516014234875,59.69750889679716,1184,279.03225806451616,-60,-5.07,56.5,20630.078048780488,58.09248554913295,13.174946004319654,47.5785896346644,93.62289703658222,4.132367528879746,75.60262455516015,0.4270284697508897,0.3244661921708185,1234324.2000000004,1706200.4500000002,-471876.24999999977,10.185185185185183,89.81481481481481,89.81481481481482,7.4074074074074066,59.0,Media (300-600m),Vicino (50-70km),349.00000000000006,671.0000000000001,103.99999999999989,<55,-5.067567567567566
057060,Rivodutri,RI,Lazio,12,42.52160805540552,12.86686887127435,568,26.7898,1,75.3,5.7,80.9,1123,302.7522935779817,64.18128654970761,7,49.30721282279608,29.385574354407836,1.959038290293856,60.90828138913624,1138,283.62068965517244,-15,-1.32,19.1,18987.13080684597,60.11315417256012,10.90146750524109,45.06065857885616,75.18681995961127,10.256365403581045,110.0761175422974,3.991157613535173,393.16496883348174,2093342.3,2899075.82,-805733.5199999996,0.1269968584987634,12.672949669139763,1.229864313882762,0.1269968584987634,41.9,Media (300-600m),Medio (70-90km),330.0,684.0,109.0,55-85,-1.3181019332161648
057068,Toffia,RI,Lazio,12,42.20579882679549,12.759539791258762,286,11.3292,3,40.1,2.9,42.9,1070,233.63636363636363,52.204836415362735,-16,46.71682242990654,24.01869158878505,2.5233644859813085,65.70093457943925,1057,200.82644628099172,13,1.23,32.8,17560.168044077134,56.98005698005698,12.663755458515285,50.185873605947954,87.44857645504389,5.691672803435727,7.841271028037383,67.08052336448598,,1633935.65,1340322.5999999996,293613.0500000003,15.789473684210526,83.45864661654136,83.0827067669173,12.030075187969924,94.4,Bassa (<300m),Molto vicino (<50km),257.00000000000006,703.0,110.0,<55,1.2298959318826963
057050,Petrella Salto,RI,Lazio,12,42.30808152842958,13.063010998748211,776,102.9304,1,64.9,7.8,72.7,1026,484.2105263157895,76.28865979381443,-1,52.96783625730994,35.86744639376218,1.1695906432748535,56.72514619883041,1055,456.0,-29,-2.75,28.2,20072.73290322581,62.121212121212125,10.653753026634384,64.73429951690821,85.88739359657967,7.704483094210662,122.39558479532164,286.4451656920078,42.36099415204678,2427260.83,2237852.989999999,189407.8400000008,2.214897824653922,97.74555042847726,8.002636783124588,2.135794330916282,10.0,Alta (>600m),Medio (70-90km),367.99999999999994,582.0,76.0,55-85,-2.7488151658767723
057014,Castelnuovo di Farfa,RI,Lazio,12,42.23315463158504,12.731418090927567,353,8.8422,3,41.5,3.5,45.1,983,307.07070707070704,69.48275862068965,9,49.49847405900305,30.925737538148525,2.034587995930824,59.0030518819939,994,302.0408163265306,-11,-1.11,5.0,19209.01620029455,55.51782682512734,13.031914893617024,48.338368580060425,90.15767437567874,6.960972826493272,31.378036622583927,14.84170905391658,5.076297049847406,1432945.39,1898248.45,-465303.0600000003,0.2557544757033248,99.616368286445,90.153452685422,0.0,111.2,Media (300-600m),Molto vicino (<50km),304.0,580.0,99.0,<55,-1.106639839034207
057008,Borgo Velino,RI,Lazio,12,42.40313461349077,13.05494520899766,464,18.2929,1,72.2,4.6,76.9,903,352.63157894736844,61.53846153846154,3,49.44186046511628,29.67884828349945,1.4396456256921373,61.90476190476191,934,305.6179775280899,-31,-3.32,47.0,22204.68148148148,64.19753086419753,9.45273631840796,71.35135135135135,63.01640531132663,27.230432758377333,142.3892469545958,47.80097452934662,6.053698781838317,2885455.51,2835631.21,49824.30000000028,2.6000406256347754,97.37964655697743,0.1421897217144018,1.5843997562461916,49.4,Media (300-600m),Medio (70-90km),268.0,559.0000000000001,75.99999999999989,55-85,-3.3190578158458273
057040,Montebuono,RI,Lazio,12,42.37394895759868,12.575261486722583,322,19.6814,3,52.8,3.2,56.0,837,382.60869565217394,66.07142857142857,20,51.07646356033453,31.54121863799283,1.5531660692951017,60.215053763440864,872,331.25,-35,-4.01,51.4,19466.56363636364,60.125260960334025,12.195121951219512,81.3810110974106,87.98812897106973,8.502852923804795,79.03708482676224,36.22270011947432,6.39778972520908,1045174.64,1248403.98,-203229.33999999985,0.0634115409004438,99.77805960684844,99.77805960684844,0.0,42.5,Media (300-600m),Vicino (50-70km),264.0,504.0,69.0,55-85,-4.013761467889909
057062,Rocca Sinibalda,RI,Lazio,12,42.26156867263733,12.946430564625986,568,49.5551,1,54.5,5.7,60.2,801,520.7547169811321,69.70338983050847,7,52.920099875156055,34.45692883895131,0.8739076154806492,58.92634207240949,783,440.6779661016949,18,2.3,80.1,20184.89279731993,60.256410256410255,11.875,55.90851334180432,78.86039810129152,4.618660805890835,21.728913857677902,159.02621722846442,247.0262172284644,3943528.2400000007,3533882.35,409645.89000000106,6.052801030264005,93.75402446877013,93.68963296844814,5.730843528654217,16.2,Media (300-600m),Vicino (50-70km),276.00000000000006,472.0,53.0,55-85,2.298850574712641
057030,Frasso Sabino,RI,Lazio,12,42.22292589698118,12.814467837703155,418,4.3898,3,44.2,4.2,48.4,734,201.21951219512195,50.718685831622174,-1,46.2465940054496,22.479564032697542,1.226158038147139,66.34877384196184,727,159.13978494623657,7,0.96,42.1,18754.52016129032,58.05168986083499,10.975609756097562,62.583222370173104,85.21957672046655,13.777460372335524,263.6210354223433,105.03226158038146,,2451452.31,2472713.1300000004,-21260.820000000294,62.76595744680851,36.70212765957447,36.17021276595745,43.08510638297872,167.2,Media (300-600m),Molto vicino (<50km),164.99999999999997,486.99999999999994,82.00000000000006,<55,0.9628610729023324
057011,Casaprota,RI,Lazio,12,42.2481602400801,12.807995823365204,521,14.5461,3,46.2,5.2,51.4,675,451.1111111111111,58.07962529274005,11,51.64740740740741,30.07407407407408,0.4444444444444444,63.25925925925926,699,303.030303030303,-24,-3.43,148.1,20961.35403726708,55.19630484988453,13.090909090909092,30.523255813953487,89.96211246360306,7.160950358932307,2.819555555555556,51.12632592592592,,3405480.93,3309885.499999999,95595.43000000063,1.3888888888888888,66.66666666666666,66.66666666666667,0.0,46.4,Media (300-600m),Vicino (50-70km),203.00000000000003,427.0,45.0,<55,-3.433476394849788
057043,Monte San Giovanni in Sabina,RI,Lazio,12,42.3154002678184,12.77434180519182,709,30.757,1,51.3,7.1,58.4,664,387.037037037037,65.5860349127182,7,51.022590361445786,31.475903614457827,1.355421686746988,60.39156626506024,648,332.8125,16,2.47,54.2,19019.954365079364,64.12213740458014,10.320284697508896,46.58385093167702,86.6435606214909,9.403544189738035,117.5195030120482,,628.4468975903615,2135298.7300000004,2253571.04,-118272.3099999996,0.0,95.23809523809524,3.571428571428571,0.0,21.6,Alta (>600m),Vicino (50-70km),208.99999999999997,401.0,54.0,55-85,2.4691358024691468
057005,Belmonte in Sabina,RI,Lazio,12,42.324841535847405,12.880941615712045,754,23.6446,1,56.6,7.5,64.2,633,318.64406779661016,63.98963730569948,21,49.7740916271722,29.6998420221169,0.7898894154818324,60.97946287519748,637,229.48717948717947,-4,-0.63,89.2,18050.563192904658,59.84455958549223,8.695652173913043,53.96825396825397,83.51114464727057,11.276023000272676,338.240916271722,306.9873933649289,,1559780.36,1193316.35,366464.01,7.377706495589415,92.542101042502,92.542101042502,6.5757818765036085,26.8,Alta (>600m),Vicino (50-70km),187.99999999999997,386.0,59.0,55-85,-0.6279434850863463
057006,Borbona,RI,Lazio,12,42.49342859819153,13.13488245366668,755,47.9481,1,84.1,7.6,91.7,577,413.72549019607845,83.17460317460318,1,53.33275563258232,36.56845753899481,1.559792027729636,54.59272097053726,589,427.0833333333333,-12,-2.04,-13.4,18443.612903225807,63.74999999999999,10.13215859030837,87.26003490401396,55.4403967557168,23.64869331352793,0.0,,,2986250.3400000003,3191774.189999999,-205523.8499999987,78.52760736196319,17.791411042944784,5.828220858895705,77.91411042944786,12.0,Alta (>600m),Lontano (>90km),211.00000000000003,314.99999999999994,51.00000000000006,>85,-2.037351443123936
057024,Configni,RI,Lazio,12,42.43213259641457,12.636928061175135,556,22.926,3,60.0,5.6,65.5,567,552.7777777777778,70.78313253012048,-4,52.41269841269841,35.09700176366843,0.1763668430335097,58.553791887125215,583,388.0,-16,-2.74,164.8,18246.877358490565,63.30275229357798,10.38961038961039,55.846422338568935,53.45132759155237,42.77200183975769,735.0818165784833,,101.30509700176368,1529249.8099999998,1671405.1699999997,-142155.35999999964,3.4482758620689653,93.10344827586206,91.3793103448276,0.0,24.7,Media (300-600m),Vicino (50-70km),199.0,332.0,36.0,55-85,-2.7444253859348233
057056,Poggio San Lorenzo,RI,Lazio,12,42.25068180289383,12.844847631730314,498,8.6696,3,48.2,5.0,53.2,553,300.0,76.6773162939297,14,49.90958408679928,32.5497287522604,1.9891500904159127,56.6003616636528,522,277.35849056603774,31,5.94,22.6,19343.01259445844,61.18012422360248,10.454545454545451,69.59706959706959,81.75504917499103,2.970309416884698,352.66524412296565,54.39775768535262,,1542532.62,1548099.6599999997,-5567.039999999804,4.444444444444445,91.11111111111111,91.11111111111111,0.0,63.8,Media (300-600m),Vicino (50-70km),180.0,312.99999999999994,60.00000000000006,<55,5.9386973180076685
057057,Posta,RI,Lazio,12,42.517142761572906,13.081129258597308,716,66.0132,1,83.6,7.2,90.7,535,438.46153846153845,64.61538461538461,-10,51.68971962616823,31.962616822429908,1.6822429906542056,60.74766355140186,589,451.219512195122,-54,-9.17,-12.8,17656.35135135135,64.26426426426426,8.547008547008547,112.5,73.71192391423364,23.07838847721744,0.0,433.9931588785047,,2951749.1900000004,3047561.09,-95811.89999999944,48.87218045112782,40.852130325814535,8.521303258145362,44.86215538847117,8.1,Alta (>600m),Lontano (>90km),171.0,324.99999999999994,39.00000000000006,>85,-9.168081494057724
057026,Cottanello,RI,Lazio,12,42.42094957340398,12.697555752069135,548,36.6914,1,60.0,5.5,65.4,529,256.06060606060606,79.93197278911565,-5,49.87334593572779,31.947069943289225,2.835538752362949,55.5765595463138,531,288.135593220339,-2,-0.38,-32.1,18336.127320954907,63.366336633663366,9.859154929577464,72.10626185958255,86.45105396071152,8.759206714798326,28.400189035916824,145.06727788279773,,1854287.28,1875471.53,-21184.249999999767,15.384615384615383,84.61538461538461,11.794871794871794,15.384615384615383,14.4,Media (300-600m),Vicino (50-70km),169.0,294.0,66.0,55-85,-0.37664783427495685
057061,Roccantica,RI,Lazio,12,42.32144769129072,12.700849851641,427,16.7231,3,49.5,4.3,53.8,526,285.0,78.30508474576271,16,50.393536121673,32.50950570342205,2.281368821292776,56.083650190114064,552,298.3333333333333,-26,-4.71,-13.3,19878.46233766234,61.61290322580645,10.328638497652582,53.30882352941177,88.45111005842584,11.005812039930516,133.81937262357417,29.12692015209125,185.6577566539924,2962776.49,3206633.47,-243856.98,16.304347826086957,83.69565217391305,0.0,16.304347826086957,31.5,Media (300-600m),Vicino (50-70km),171.0,294.99999999999994,60.00000000000006,<55,-4.710144927536231
057038,Mompeo,RI,Lazio,12,42.25860178321312,12.77112090760937,456,10.8922,3,45.6,4.6,50.2,519,443.9024390243902,75.33783783783784,-6,53.127167630057805,35.067437379576106,1.5414258188824663,57.03275529865125,494,426.8292682926829,25,5.06,17.1,18209.557788944723,63.44827586206897,11.538461538461538,43.30708661417323,75.4702295566695,21.71486969145681,489.0050289017341,,879.8229672447013,3159348.35,3272943.61,-113595.26000000024,20.0,80.0,33.33333333333333,6.666666666666667,47.6,Media (300-600m),Vicino (50-70km),182.0,296.0,41.0,<55,5.06072874493928
057034,Longone Sabino,RI,Lazio,12,42.30350948330837,12.949623075578945,778,34.3338,1,58.2,7.8,65.9,513,623.5294117647059,92.13483146067416,4,54.92397660818713,41.32553606237816,0.3898635477582846,52.046783625731,553,502.22222222222223,-40,-7.23,121.3,17386.84293193717,51.64835164835166,18.023255813953487,38.24091778202677,83.06958083551844,16.54728339067216,412.41189083820666,32.890038986354774,,1166585.63,1361832.4799999995,-195246.84999999963,13.177159590043924,85.94436310395315,74.67057101024889,12.152269399707176,14.9,Alta (>600m),Vicino (50-70km),211.99999999999997,267.00000000000006,33.99999999999994,55-85,-7.233273056057865
057001,Accumoli,RI,Lazio,12,42.695304856640014,13.244135506532116,709,87.3429,1,107.5,7.1,114.5,503,544.8275862068965,59.177215189873415,-2,52.059642147117295,31.411530815109344,0.5964214711729622,62.82306163021869,555,415.9090909090909,-52,-9.37,128.9,14997.568475452195,56.30769230769231,10.731707317073171,90.03831417624521,42.78398282843598,38.21023469412219,635.6910934393638,,10.08986083499006,3536127.7800000003,3394112.17,142015.61000000034,0.0254668656735663,0.5075105762711136,0.0581332250185628,0.0221357566614121,5.8,Alta (>600m),Lontano (>90km),158.0,316.0,29.0,>85,-9.369369369369373
057063,Salisano,RI,Lazio,12,42.27589370428959,12.74327252169867,450,17.5958,3,46.2,4.5,50.7,474,267.85714285714283,76.86567164179104,-2,49.67299578059072,31.64556962025317,1.4767932489451476,56.540084388185655,514,253.44827586206893,-40,-7.78,14.4,18303.508982035928,59.62962962962963,11.049723756906078,42.19409282700422,82.75209322346008,14.867263564664828,157.79329113924052,40.63898734177216,10.548523206751057,1083130.45,1322342.39,-239211.93999999997,6.153846153846154,90.76923076923076,90.76923076923076,3.076923076923078,26.9,Media (300-600m),Vicino (50-70km),150.00000000000003,268.0,56.0,<55,-7.78210116731517
057022,Colli sul Velino,RI,Lazio,12,42.49844932374522,12.779630098951792,476,12.7551,1,70.2,4.8,75.0,461,514.2857142857143,59.51557093425605,9,50.99783080260303,31.23644251626898,1.084598698481562,62.68980477223427,465,309.09090909090907,-4,-0.86,205.2,19222.86994219653,65.21739130434783,7.216494845360824,44.24778761061947,78.02988659599461,1.8052185702582055,42.62574837310196,141.31991323210414,50.90110629067245,1952834.51,1322219.15,630615.3600000003,0.2001037575038909,1.92692507225969,1.8676350700363151,0.2001037575038909,36.1,Media (300-600m),Medio (70-90km),144.0,288.99999999999994,28.000000000000057,55-85,-0.8602150537634357
057039,Montasola,RI,Lazio,12,42.37853498208608,12.68498699352815,597,12.7472,3,55.1,6.0,61.1,396,341.6666666666667,67.0886075949367,4,50.06565656565657,31.060606060606062,1.0101010101010102,59.84848484848485,382,248.93617021276597,14,3.66,92.7,17307.82222222222,55.50660792951542,12.5,38.36317135549872,67.74875719706354,24.34337311685833,2.22770202020202,,,1571087.16,1576570.3199999998,-5483.159999999916,17.98780487804878,82.01219512195121,79.8780487804878,15.853658536585366,31.1,Media (300-600m),Vicino (50-70km),123.0,237.0,36.0,55-85,3.664921465968596
057047,Orvinio,RI,Lazio,12,42.1274015444373,12.937542299805251,827,24.6887,1,44.2,8.3,52.5,387,586.9565217391304,68.99563318777292,1,52.82428940568475,34.88372093023256,0.7751937984496124,59.17312661498708,390,576.0,-3,-0.77,11.0,17781.486666666668,56.63716814159292,15.789473684210526,60.60606060606061,99.5079275544946,0.4920724455054145,327.77242894056843,,,3781117.11,3922117.56,-141000.44999999923,0.1264034500706372,2.0398046942771457,1.5106451532951644,0.1239249510496443,15.7,Alta (>600m),Vicino (50-70km),135.00000000000003,229.0,22.99999999999997,<55,-0.7692307692307665
057018,Collalto Sabino,RI,Lazio,12,42.15499747241936,13.051889302444089,942,22.3697,1,53.8,9.4,63.2,383,973.3333333333334,72.52252252252252,-7,55.92167101827676,38.1201044386423,0.7832898172323759,57.96344647519582,395,783.3333333333334,-12,-3.04,190.0,20814.24915824916,62.94642857142857,10.759493670886076,56.55526992287918,94.9277519206716,,794.1092950391644,,,1142856.44,1425391.0799999998,-282534.6399999999,91.22137404580153,8.778625954198473,8.778625954198473,91.22137404580153,17.1,Alta (>600m),Vicino (50-70km),146.00000000000003,222.0,14.999999999999972,55-85,-3.037974683544309
057017,Cittareale,RI,Lazio,12,42.602644105370494,13.14797546991718,1015,59.6602,1,94.5,10.2,104.7,374,736.3636363636364,96.84210526315788,5,56.60695187165776,43.31550802139038,0.8021390374331552,50.80213903743316,415,656.0,-41,-9.88,80.4,18056.970394736843,68.39378238341969,9.58904109589041,50.25125628140704,51.48398827612501,22.578636826139395,725.9093850267379,41.43598930481284,103.634064171123,3766754.29,4337539.450000001,-570785.1600000015,65.49707602339181,34.21052631578947,1.1695906432748535,64.91228070175438,6.3,Alta (>600m),Lontano (>90km),162.00000000000003,190.0,21.99999999999997,>85,-9.879518072289162
057019,Colle di Tora,RI,Lazio,12,42.19916429068727,12.935399664247564,551,14.3718,1,49.0,5.5,54.5,349,385.7142857142857,63.84976525821596,7,51.32378223495702,30.945558739255013,1.146131805157593,61.03151862464183,359,420.6896551724138,-10,-2.79,-35.0,16317.987447698744,51.8348623853211,13.076923076923078,71.8232044198895,79.20316268855687,14.5776976121316,0.0,41.20521489971347,,2301916.33,2302616.33,-700.0,0.0667926906112161,0.013862633900441,0.0113421550094517,0.0655324511657214,24.3,Media (300-600m),Vicino (50-70km),108.0,213.0,28.0,<55,-2.785515320334264
057032,Labro,RI,Lazio,12,42.5197929560081,12.797979076131218,599,11.7424,1,73.0,6.0,79.0,346,297.1428571428572,67.14975845410628,-4,49.47687861271676,30.057803468208093,1.4450867052023122,59.82658959537572,375,220.0,-29,-7.73,77.1,19145.18972332016,59.70873786407766,10.869565217391305,58.4958217270195,46.92631799325449,46.45523263882371,160.2414739884393,,1021.7590462427746,1504616.8,1575421.73,-70804.92999999993,10.236220472440944,88.9763779527559,78.74015748031495,6.299212598425195,29.5,Media (300-600m),Medio (70-90km),104.0,207.0,35.0,55-85,-7.733333333333336
057045,Morro Reatino,RI,Lazio,12,42.52823694215348,12.840081382888252,744,15.7311,1,75.1,7.4,82.5,335,388.46153846153845,61.05769230769231,11,50.55522388059701,30.149253731343283,0.8955223880597015,62.089552238805965,344,273.6842105263158,-9,-2.62,114.8,16959.016260162603,57.48792270531401,11.851851851851851,43.47826086956522,68.94451712238336,11.969926441495062,1134.4152238805968,,,1916545.93,1820440.77,96105.15999999992,0.3073545554335894,3.058909623124771,0.3951701427003293,0.3073545554335894,21.3,Alta (>600m),Medio (70-90km),101.0,207.99999999999997,26.00000000000003,55-85,-2.6162790697674465
057058,Pozzaglia Sabina,RI,Lazio,12,42.15722672387997,12.966808432490524,861,24.9787,1,48.1,8.6,56.7,305,1092.3076923076924,103.33333333333331,6,59.49180327868852,46.55737704918032,0.9836065573770492,49.18032786885246,315,1007.1428571428572,-10,-3.17,85.2,16435.580508474577,55.4140127388535,20.909090909090907,29.801324503311257,84.01659802309847,14.16481339648664,0.0,,129.16681967213117,1569103.0599999998,1530784.7799999998,38318.28000000003,0.0801402454295016,0.639869772101177,0.639869772101177,0.0776358627598297,12.2,Alta (>600m),Vicino (50-70km),141.99999999999997,150.0,13.000000000000028,55-85,-3.1746031746031744
057023,Concerviano,RI,Lazio,12,42.3065836819087,12.969233601196668,575,21.3896,1,59.5,5.8,65.2,280,518.1818181818181,94.44444444444444,4,53.95357142857143,40.71428571428572,0.3571428571428571,51.42857142857142,282,376.0,-2,-0.71,142.2,18739.43137254902,60.0,13.461538461538462,31.91489361702128,85.70194917800058,6.8909405418457474,12.25,10.714285714285714,,923215.42,758357.9600000001,164857.45999999996,17.465753424657535,81.16438356164383,78.76712328767124,16.78082191780822,13.1,Media (300-600m),Vicino (50-70km),114.00000000000001,143.99999999999997,22.00000000000003,55-85,-0.7092198581560294
057013,Castel di Tora,RI,Lazio,12,42.209141901307085,12.969501419169276,568,15.4912,1,51.8,5.7,57.5,273,324.0,63.47305389221557,1,50.2014652014652,29.67032967032967,3.296703296703297,61.172161172161175,267,573.3333333333334,6,2.25,-249.3,13939.270531400964,67.46987951807229,8.94308943089431,131.57894736842104,85.37661635999909,6.427602691931064,497.22512820512816,,246.78505494505495,1689043.03,1578398.3999999994,110644.6300000006,16.129032258064516,83.22580645161291,83.22580645161291,15.483870967741936,17.6,Media (300-600m),Vicino (50-70km),81.0,167.0,25.0,55-85,2.2471910112359605
057042,Montenero Sabino,RI,Lazio,12,42.28721546426013,12.812344568479196,440,22.5865,1,50.1,4.4,54.5,265,526.3157894736842,81.5068493150685,9,53.9622641509434,37.735849056603776,0.7547169811320755,55.09433962264151,278,547.3684210526316,-13,-4.68,-21.1,17297.97129186603,64.13793103448275,11.428571428571429,43.32129963898917,64.74159200478975,5.1685971560010415,510.2215849056604,,774.9176226415095,692742.4600000001,871249.7800000001,-178507.3200000001,68.91891891891892,29.72972972972973,29.72972972972973,66.21621621621621,11.7,Media (300-600m),Vicino (50-70km),100.0,146.00000000000003,18.99999999999997,<55,-4.67625899280576
057071,Turania,RI,Lazio,12,42.13201175700962,13.008924466473626,673,8.5099,1,49.4,6.7,56.1,238,452.9411764705882,65.27777777777777,1,52.65546218487395,32.35294117647059,0.4201680672268907,60.50420168067227,228,450.0,10,4.39,2.9,18183.464516129032,52.4822695035461,14.942528735632186,29.78723404255319,86.72704027426124,6.377615626201809,0.0,29.41176470588235,25.75672268907563,819038.1600000001,1002800.13,-183761.9699999997,71.875,25.0,21.875,71.875,28.0,Alta (>600m),Vicino (50-70km),77.0,144.0,17.0,55-85,4.385964912280693
057072,Vacone,RI,Lazio,12,42.39116133557352,12.641435711312168,518,9.1849,3,55.6,5.2,60.8,223,1087.5,74.21875,-3,56.39013452914798,39.01345291479821,0.4484304932735426,57.399103139013455,226,910.0,-3,-1.33,177.5,19002.028735632182,57.971014492753625,8.045977011494253,68.6695278969957,50.96229349998398,45.55240105424426,257.122466367713,,,1063574.5099999998,1101314.36,-37739.85000000009,3.867403314917127,95.58011049723756,95.58011049723756,0.0,24.3,Media (300-600m),Vicino (50-70km),87.0,128.0,8.0,55-85,-1.3274336283185861
057046,Nespolo,RI,Lazio,12,42.15521687172552,13.071755437246544,872,8.6446,1,55.2,8.7,63.9,205,239.1304347826087,61.41732283464567,4,49.06341463414634,26.82926829268293,2.4390243902439024,61.95121951219512,191,581.8181818181819,14,7.33,-342.7,20273.244604316547,54.91803278688525,14.102564102564102,66.66666666666667,88.07419324948651,0.5632579604952995,293.07868292682923,,,1124289.0599999998,1323326.49,-199037.43000000017,100.0,0.0,0.0,100.0,23.7,Alta (>600m),Vicino (50-70km),55.00000000000001,126.99999999999999,23.000000000000014,55-85,7.329842931937169
057004,Ascrea,RI,Lazio,12,42.22188382909186,12.972528277015208,763,13.9761,1,53.0,7.6,60.6,203,566.6666666666666,97.0873786407767,-3,56.39408866995074,41.87192118226601,0.9852216748768472,50.73891625615764,213,371.4285714285714,-10,-4.69,195.2,17084.877300613498,63.63636363636363,12.5,65.72769953051643,78.65472630221836,,688.3916256157636,,,447831.51,470376.28,-22544.77000000002,18.64801864801865,81.11888111888112,81.11888111888112,18.41491841491841,14.5,Alta (>600m),Vicino (50-70km),85.0,103.0,15.0,55-85,-4.694835680751175
057048,Paganico Sabino,RI,Lazio,12,42.18095383439948,13.004703011453891,704,9.3138,1,52.1,7.0,59.2,161,5500.0,53.333333333333336,-1,58.18633540372671,34.161490683229815,0.0,65.21739130434783,155,1525.0,6,3.87,3975.0,18662.204545454544,62.13592233009708,15.789473684210526,64.93506493506493,30.299754698083515,69.70024530191648,1712.5780745341615,,,2199261.61,2261349.08,-62087.470000000205,100.0,0.0,0.0,100.0,17.3,Alta (>600m),Vicino (50-70km),55.0,105.0,1.0,55-85,3.8709677419354938
057073,Varco Sabino,RI,Lazio,12,42.24232549736126,13.02938994198872,755,24.7527,1,58.0,7.6,65.5,151,555.5555555555555,64.1304347826087,1,52.211920529801326,33.11258278145696,1.3245033112582782,60.9271523178808,177,660.0,-26,-14.69,-104.4,11030.669421487602,68.04123711340206,9.58904109589041,53.25443786982248,71.72237351274282,8.880439823923258,75.60350993377483,,,834259.7600000001,758637.23,75622.53000000014,23.952095808383238,76.04790419161677,76.04790419161678,23.353293413173656,6.1,Alta (>600m),Vicino (50-70km),50.00000000000001,92.0,9.0,55-85,-14.689265536723163
057020,Collegiove,RI,Lazio,12,42.172846853969205,13.030647713026132,987,10.6126,1,53.4,9.9,63.2,129,2450.0,65.38461538461539,3,55.16279069767442,37.98449612403101,1.550387596899225,60.46511627906976,135,1566.6666666666667,-6,-4.44,883.3,18326.712962962964,65.33333333333333,0.0,70.3125,39.33612147865138,46.94297650019845,1431.947054263566,,,1073945.93,883419.04,190526.8899999999,98.0392156862745,0.9803921568627452,0.9803921568627452,98.03921568627452,12.2,Alta (>600m),Vicino (50-70km),49.0,77.99999999999999,2.000000000000014,55-85,-4.444444444444439
057037,Micigliano,RI,Lazio,12,42.45326996969612,13.048271828267108,910,36.8517,1,76.3,9.1,85.4,120,1000.0,57.89473684210526,1,54.15,33.33333333333333,0.8333333333333334,63.33333333333333,114,585.7142857142857,6,5.26,414.3,17683.98947368421,64.70588235294117,12.0,79.64601769911505,84.73009140836226,10.589562907783897,1929.345,,,2100978.87,2340805.78,-239826.91000000012,5.231143552311435,94.52554744525548,4.866180048661801,4.987834549878346,3.3,Alta (>600m),Medio (70-90km),39.99999999999999,75.99999999999999,4.000000000000014,>85,5.263157894736836
057036,Marcetelli,RI,Lazio,12,42.216415696136565,13.04322094312671,914,11.0838,1,57.0,9.1,66.2,53,550.0,96.29629629629628,2,56.13207547169812,41.50943396226416,3.7735849056603774,50.943396226415096,76,1550.0,-23,-30.26,-1000.0,15598.058823529413,61.29032258064516,13.636363636363637,85.71428571428571,58.37525078874156,9.497377070039798,943.3962264150944,,,881028.2300000001,837797.7799999999,43230.450000000186,100.0,0.0,0.0,99.12280701754386,4.8,Alta (>600m),Vicino (50-70km),22.000000000000004,27.0,3.9999999999999964,55-85,-30.263157894736846
