account,column_output,row_receipts,difference
ITI42__A01__A,332.48615059797936,332.4861794846167,2.8886637323921605e-05
ITI42__A02__A,11.418310669720194,11.418315486871156,4.817150962566075e-06
ITI42__B__I,44.33415359535962,44.33415812681899,4.531459367740354e-06
ITI42__C10-12__I,234.08775388523532,234.0877702057332,1.6320497877586604e-05
ITI42__C13-15__I,15.849769915272757,15.849770165511467,2.5023870975360296e-07
ITI42__C16__I,48.90620075318529,48.906205093076636,4.33989134762669e-06
ITI42__C17__I,17.724560012758758,17.72456172800235,1.715243591604576e-06
ITI42__C18__I,25.071928995926847,25.071932148428278,3.1525014314581767e-06
ITI42__C19__I,37.218867961314956,37.218870350074525,2.3887595688165675e-06
ITI42__C20__I,41.7993720653203,41.79937363757549,1.572255193593719e-06
ITI42__C21__I,249.48840144641062,249.4884099759366,8.529525985068176e-06
ITI42__C22__I,31.364649298179124,31.364651498522814,2.2003436903617057e-06
ITI42__C23__I,56.02662225849403,56.026627191472926,4.932978896476925e-06
ITI42__C24__I,46.92462181999481,46.924623643503494,1.8235086827189662e-06
ITI42__C25__I,73.66055399261955,73.66055854394588,4.551326327373317e-06
ITI42__C26__I,130.24235973956056,130.24236714559936,7.406038804447235e-06
ITI42__C27__I,34.40374820989699,34.40374947722468,1.2673276899022312e-06
ITI42__C28__I,139.15063917098448,139.15064203545995,2.8644754763718083e-06
ITI42__C29__I,1.3033257400277116,1.3033257962714684,5.624375676305249e-08
ITI42__C30__I,8.036152544946816,8.03615308575527,5.408084540192704e-07
ITI42__C31_32__I,21.18312156706849,21.183122715883215,1.1488147251270675e-06
ITI42__C33__I,23.18172985004337,23.181732649718036,2.799674664544227e-06
ITI42__D35__I,212.53213352199413,212.5321595402966,2.601830246362624e-05
ITI42__E36__I,45.97404448701195,45.974052267465694,7.780453742611826e-06
ITI42__E37-39__S,68.31922276823795,68.31923279864553,1.0030407580075007e-05
ITI42__F__I,766.492173430317,766.492296485975,0.0001230556579230324
ITI42__G45__S,92.63322838973478,92.63323786083389,9.471099104985115e-06
ITI42__G46__S,164.78346287960113,164.783481512568,1.8632966856557687e-05
ITI42__G47__S,286.6261687808521,286.6262077557732,3.897492109672385e-05
ITI42__H49__S,128.44495562666813,128.44497132255952,1.5695891391942496e-05
ITI42__H52__S,608.3290129363027,608.3291207733058,0.00010783700315641909
ITI42__H53__S,47.82685950761257,47.82686553549193,6.027879365433364e-06
ITI42__I__S,57.74183258081735,57.741840239749116,7.658931764353838e-06
ITI42__J58__S,4.6060056697745075,4.606006281401171,6.116266630940004e-07
ITI42__J59_60__S,15.621117590164326,15.62112027126759,2.6811032629581177e-06
ITI42__J61__S,67.93027719236174,67.93028432584542,7.133483677534969e-06
ITI42__J62_63__S,62.022896493553446,62.02290560788797,9.114334524440437e-06
ITI42__K64__S,95.40839622502463,95.40840715582169,1.0930797060382247e-05
ITI42__K65__S,9.044939132111207,9.044940253606688,1.121495481370971e-06
ITI42__K66__S,46.56809156336279,46.56809643465971,4.8712969160646935e-06
ITI42__L__S,451.2456290286612,451.2456887651653,5.973650411306153e-05
ITI42__M69_70__S,127.0690575574977,127.06907283590186,1.5278404163154846e-05
ITI42__M71__S,101.28049641082526,101.2805085946222,1.218379694023497e-05
ITI42__M72__S,13.022306223145224,13.022309221655254,2.998510030494117e-06
ITI42__M73__S,26.946910297242482,26.946913359834408,3.062591925839797e-06
ITI42__M74_75__S,46.386253558987775,46.386259337918304,5.778930528776982e-06
ITI42__N77__S,49.55376231780119,49.55376791601965,5.598218464797355e-06
ITI42__N78__S,68.85316403074901,68.85317242498574,8.394236729714066e-06
ITI42__N79__S,4.945691304785692,4.945691990030843,6.852451512884272e-07
ITI42__N80-82__S,83.2494108596392,83.24942195349138,1.10938521800108e-05
ITI42__O84__S,288.2265758517451,288.22677166365526,0.0001958119101459488
ITI42__P85__S,112.30270147610919,112.30276633320454,6.485709535297701e-05
ITI42__Q86__S,442.8064177624314,442.8066747852642,0.0002570228327840596
ITI42__Q87_88__S,104.45700183258616,104.45704689848887,4.5065902710916816e-05
ITI42__R90-92__S,26.059993199057708,26.05999836400836,5.164950653835376e-06
ITI42__R93__S,13.262283040428006,13.262285107816977,2.0673889711275706e-06
ITI42__S94__S,26.838293410026658,26.838298837154333,5.427127675261545e-06
ITI42__S95__S,9.374723523838124,9.374724708238444,1.1844003200423003e-06
ITI42__S96__S,58.73614881538492,58.736156765587495,7.95020257271517e-06
ITI42__T__S,44.34739458257841,44.347400499924255,5.917345845318778e-06
