DENOMINAZIONEISTITUTORIFERIMENTO,DESCRIZIONECOMUNE,TIPOPERCORSO,INDIRIZZO,students
I.I.S. CARLO JUCCI,RIETI,LICEO,SCIENTIFICO,494
LICEO CLASSICO SCIENTIFICO L. ROCCI,FARA IN SABINA,LICEO,SCIENTIFICO,362
I.I.S. CARLO JUCCI,RIETI,LICEO,CLASSICO,332
I.I.S. ELENA PRINCIPESSA DI NAPOLI,RIETI,LICEO,SCIENZE UMANE,261
I.I.S. CARLO JUCCI,RIETI,LICEO,SCIENTIFICO - SEZIONE AD INDIRIZZO SPORTIVO,225
"I.I.S. ""CELESTINO ROSATELLI""",RIETI,LICEO,SCIENTIFICO - OPZIONE SCIENZE APPLICATE,191
LICEO CLASSICO SCIENTIFICO L. ROCCI,FARA IN SABINA,LICEO,LICEO LINGUISTICO - ESABAC,173
I.I.S. ELENA PRINCIPESSA DI NAPOLI,RIETI,LICEO,LINGUISTICO,163
"I.I.S. ""GREGORIO DA CATINO""",POGGIO MIRTETO,LICEO,SCIENZE UMANE,155
"I.I.S. ""GREGORIO DA CATINO""",POGGIO MIRTETO,LICEO,SCIENTIFICO - OPZIONE SCIENZE APPLICATE,154
"I.I.S. ""GREGORIO DA CATINO""",POGGIO MIRTETO,LICEO,SCIENTIFICO,131
"I.I.S. ""GREGORIO DA CATINO""",POGGIO MIRTETO,LICEO,SCIENZE UMANE - OPZ. ECONOMICO SOCIALE,128
I.I.S. ELENA PRINCIPESSA DI NAPOLI,RIETI,LICEO,SCIENZE UMANE - OPZ. ECONOMICO SOCIALE,127
LICEO CLASSICO SCIENTIFICO L. ROCCI,FARA IN SABINA,LICEO,CLASSICO,115
LICEO CLASSICO SCIENTIFICO L. ROCCI,FARA IN SABINA,LICEO,LINGUISTICO,103
I.I.S. ELENA PRINCIPESSA DI NAPOLI,RIETI,LICEO,ARTISTICO NUOVO ORDINAMENTO - BIENNIO COMUNE,95
LICEO SCIENTIFICO MARIO TAGLIACOZZO,MAGLIANO SABINA,LICEO,SCIENTIFICO,93
I.I.S. ELENA PRINCIPESSA DI NAPOLI,RIETI,LICEO,MUSICALE E COREUTICO - SEZ. MUSICALE,81
LS DI AMATRICE,AMATRICE,LICEO,LICEO SCIENTIFICO AD INDIRIZZO SPORTIVO INTERNAZIONALE,59
I.I.S. ELENA PRINCIPESSA DI NAPOLI,RIETI,LICEO,LICEO LINGUISTICO - ESABAC,49
"I.I.S. ""GREGORIO DA CATINO""",POGGIO MIRTETO,LICEO,LICEO LINGUISTICO - ESABAC,47
"I.I.S. ""GREGORIO DA CATINO""",POGGIO MIRTETO,LICEO,LINGUISTICO,47
I.I.S. ELENA PRINCIPESSA DI NAPOLI,RIETI,LICEO,DESIGN - ARREDAMENTO E LEGNO,40
I.I.S. ELENA PRINCIPESSA DI NAPOLI,RIETI,LICEO,AUDIOVISIVO MULTIMEDIA,39
I.I.S. ELENA PRINCIPESSA DI NAPOLI,RIETI,LICEO,ARTI FIGURATIVE - PLASTICO PITTORICO,37
"I.I.S. ""CELESTINO ROSATELLI""",RIETI,LICEO,SCIENTIFICO OPZIONE SCIENZE APPLICATE QUADRIENNALE,36
I.I.S. ELENA PRINCIPESSA DI NAPOLI,RIETI,LICEO,GRAFICA,29
I.I.S. ELENA PRINCIPESSA DI NAPOLI,RIETI,LICEO,DESIGN - MODA,23
LS DI AMATRICE,AMATRICE,LICEO,SCIENTIFICO,10
RANIERI ANTONELLI COSTAGGINI,RIETI,PROFESSIONALE,ENOGASTRONOMIA E OSPITALITA' ALBERGHIERA,418
I.P.S.S.E.O.A. SANDRO PERTINI,MAGLIANO SABINA,PROFESSIONALE,ENOGASTRONOMIA E OSPITALITA' ALBERGHIERA,213
"I.I.S. ""STATISTA ALDO MORO""",FARA IN SABINA,PROFESSIONALE,"AGRICOLTURA, SVILUPPO RURALE, VALORIZZAZIONE DEI PRODOTTI DEL TERRITORIO E GESTIONE DELLE RISORSE FORESTALI E MONTANE",184
"I.I.S. ""L. DI SAVOIA""",RIETI,PROFESSIONALE,SERVIZI PER LA SANITA' E L'ASSISTENZA SOCIALE,90
"I.I.S. ""GREGORIO DA CATINO""",POGGIO MIRTETO,PROFESSIONALE,MANUTENZIONE E ASSISTENZA TECNICA,79
"I.I.S. ""L. DI SAVOIA""",RIETI,PROFESSIONALE,ARTI AUSILIARIE DELLE PROFESSIONI SANITARIE: ODONTOTECNICO,77
"I.I.S. ""CELESTINO ROSATELLI""",RIETI,PROFESSIONALE,APPARATI IMP.TI SER.ZI TEC.CI IND.LI E CIV.LI - OPZIONE,68
"I.I.S. ""L. DI SAVOIA""",CITTADUCALE,PROFESSIONALE,"AGRICOLTURA, SVILUPPO RURALE, VALORIZZAZIONE DEI PRODOTTI DEL TERRITORIO E GESTIONE DELLE RISORSE FORESTALI E MONTANE",64
"I.I.S. ""GREGORIO DA CATINO""",POGGIO MIRTETO,PROFESSIONALE,INDUSTRIA E ARTIGIANATO PER IL MADE IN ITALY,50
"I.I.S. ""CELESTINO ROSATELLI""",RIETI,PROFESSIONALE,MANUTENZIONE E ASSISTENZA TECNICA,33
"I.I.S. ""L. DI SAVOIA""",RIETI,PROFESSIONALE,SERVIZI PER L'AGRICOLTURA E LO SVILUPPO RURALE,21
"I.I.S. ""CELESTINO ROSATELLI""",RIETI,PROFESSIONALE,GESTIONE DELLE ACQUE E RISANAMENTO AMBIENTALE,12
"I.I.S. ""STATISTA ALDO MORO""",FARA IN SABINA,TECNICO,ELETTR. ED ELETTROTEC.- BIENNIO COMUNE,203
"I.I.S. ""STATISTA ALDO MORO""",FARA IN SABINA,TECNICO,TELECOMUNICAZIONI,112
"I.I.S. ""STATISTA ALDO MORO""",FARA IN SABINA,TECNICO,AMM. FINAN. MARKETING - BIENNIO COMUNE,108
"I.I.S. ""CELESTINO ROSATELLI""",RIETI,TECNICO,MECCANICA E MECCATRONICA,97
"I.I.S. ""CELESTINO ROSATELLI""",RIETI,TECNICO,BIOTECNOLOGIE SANITARIE,95
"I.I.S. ""L. DI SAVOIA""",RIETI,TECNICO,PRODUZIONI E TRASFORMAZIONI,93
"I.I.S. ""CELESTINO ROSATELLI""",RIETI,TECNICO,CHIM. MATER. BIOTECN. - BIENNIO COMUNE,84
"I.I.S. ""STATISTA ALDO MORO""",FARA IN SABINA,TECNICO,AMMINISTRAZIONE FINANZA E MARKETING - TRIENNIO,77
"I.I.S. ""CELESTINO ROSATELLI""",RIETI,TECNICO,AUTOMAZIONE,76
"I.I.S. ""CELESTINO ROSATELLI""",RIETI,TECNICO,MECC. MECCATRON. ENER. - BIENNIO COMUNE,76
"I.I.S. ""L. DI SAVOIA""",RIETI,TECNICO,AMM. FINAN. MARKETING - BIENNIO COMUNE,73
"I.I.S. ""GREGORIO DA CATINO""",POGGIO MIRTETO,TECNICO,TURISMO,65
"I.I.S. ""STATISTA ALDO MORO""",FARA IN SABINA,TECNICO,ELETTRONICA,62
"I.I.S. ""CELESTINO ROSATELLI""",RIETI,TECNICO,ELETTR. ED ELETTROTEC.- BIENNIO COMUNE,57
"I.I.S. ""L. DI SAVOIA""",RIETI,TECNICO,"AGRARIA, AGROAL. E AGROIND.-BIENNIO COM.",55
"I.I.S. ""STATISTA ALDO MORO""",FARA IN SABINA,TECNICO,RELAZIONI INTERNAZIONALI PER IL MARKETING,45
"I.I.S. ""L. DI SAVOIA""",RIETI,TECNICO,SISTEMI INFORMATIVI AZIENDALI,41
"I.I.S. ""GREGORIO DA CATINO""",POGGIO MIRTETO,TECNICO,AMMINISTRAZIONE FINANZA E MARKETING - TRIENNIO,39
"I.I.S. ""GREGORIO DA CATINO""",POGGIO MIRTETO,TECNICO,"COSTR., AMB. E TERRITORIO - BIENNIO COM.",37
"I.I.S. ""L. DI SAVOIA""",RIETI,TECNICO,AMMINISTRAZIONE FINANZA E MARKETING - TRIENNIO,37
"I.I.S. ""GREGORIO DA CATINO""",POGGIO MIRTETO,TECNICO,COSTRUZIONI AMBIENTE E TERRITORIO - TRIENNIO,31
"I.I.S. ""L. DI SAVOIA""",RIETI,TECNICO,TURISMO,29
"I.I.S. ""CELESTINO ROSATELLI""",RIETI,TECNICO,"COSTR., AMB. E TERRITORIO - BIENNIO COM.",22
OMNICOMPRENSIVO BORGOROSE,BORGOROSE,TECNICO,AMMINISTRAZIONE FINANZA E MARKETING - TRIENNIO,17
"I.I.S. ""CELESTINO ROSATELLI""",RIETI,TECNICO,COSTRUZIONI AMBIENTE E TERRITORIO - TRIENNIO,15
"I.I.S. ""L. DI SAVOIA""",RIETI,TECNICO,RELAZIONI INTERNAZIONALI PER IL MARKETING,12
OMNICOMPRENSIVO BORGOROSE,BORGOROSE,TECNICO,AMM. FINAN. MARKETING - BIENNIO COMUNE,10
