pro_com_t,commuters_2011,same_municipality_2011,rieti_city_2011,rome_province_2011,share_same_municipality_2011,share_rieti_city_2011,share_rome_province_2011,comune,car_minutes_to_rome_city,car_minutes_to_rieti_city,distance_band,variazione_pct_popolazione_2021_2025
057059,7414,6721.0,0.0,210.0,0.9065281899109793,0.0,0.0283247909360669,Rieti,94,0,55-85,-1.79
057027,2158,1530.0,89.0,470.0,0.7089898053753475,0.041241890639481,0.21779425393883226,Fara in Sabina,78,41,<55,1.07
057016,1123,606.0,442.0,31.0,0.5396260017809439,0.3935886019590383,0.027604630454140695,Cittaducale,96,10,55-85,-1.63
057053,1006,754.0,20.0,141.0,0.7495029821073559,0.019880715705765408,0.14015904572564614,Poggio Mirteto,80,47,<55,-1.41
057007,699,424.0,21.0,12.0,0.6065808297567954,0.030042918454935622,0.017167381974248927,Borgorose,91,35,55-85,-1.1
057044,683,336.0,16.0,98.0,0.49194729136163984,0.02342606149341142,0.14348462664714495,Montopoli di Sabina,77,45,<55,0.42
057035,558,410.0,2.0,36.0,0.7347670250896058,0.0035842293906810036,0.06451612903225806,Magliano Sabina,80,60,<55,-2.13
057029,521,274.0,6.0,88.0,0.525911708253359,0.011516314779270634,0.1689059500959693,Forano,74,55,<55,8.07
057025,496,248.0,202.0,13.0,0.5,0.40725806451612906,0.02620967741935484,Contigliano,95,13,55-85,-2.7
057054,459,256.0,108.0,36.0,0.5577342047930284,0.23529411764705882,0.0784313725490196,Poggio Moiano,82,29,<55,1.74
057009,440,191.0,210.0,10.0,0.4340909090909091,0.4772727272727273,0.022727272727272728,Cantalice,103,16,55-85,-2.7
057064,436,215.0,91.0,53.0,0.49311926605504586,0.20871559633027523,0.12155963302752294,Scandriglia,81,36,<55,4.46
057003,416,210.0,122.0,4.0,0.5048076923076923,0.2932692307692308,0.009615384615384616,Antrodoco,105,22,55-85,-4.77
057055,406,195.0,91.0,60.0,0.4802955665024631,0.22413793103448276,0.1477832512315271,Poggio Nativo,79,29,<55,1.75
057066,350,209.0,3.0,53.0,0.5971428571428572,0.008571428571428572,0.15142857142857144,Stimigliano,72,56,<55,0.0
057051,317,158.0,132.0,4.0,0.49842271293375395,0.416403785488959,0.012618296529968454,Poggio Bustone,107,19,55-85,-0.76
057002,291,269.0,1.0,2.0,0.9243986254295533,0.003436426116838488,0.006872852233676976,Amatrice,133,53,>85,-5.99
057010,285,91.0,12.0,33.0,0.3192982456140351,0.042105263157894736,0.11578947368421053,Cantalupo in Sabina,79,48,<55,1.41
057033,267,163.0,73.0,2.0,0.6104868913857678,0.27340823970037453,0.00749063670411985,Leonessa,129,44,>85,-4.2
057021,241,136.0,1.0,23.0,0.5643153526970954,0.004149377593360996,0.0954356846473029,Collevecchio,82,59,<55,6.9
057067,239,102.0,6.0,21.0,0.42677824267782427,0.02510460251046025,0.08786610878661087,Tarano,82,53,<55,-0.51
057049,237,135.0,13.0,3.0,0.569620253164557,0.05485232067510549,0.012658227848101266,Pescorocchiano,98,38,55-85,-6.18
057052,220,80.0,7.0,32.0,0.36363636363636365,0.031818181818181815,0.14545454545454545,Poggio Catino,83,38,<55,5.4
057060,201,65.0,105.0,9.0,0.32338308457711445,0.5223880597014925,0.04477611940298507,Rivodutri,107,20,55-85,-1.32
057070,200,109.0,10.0,27.0,0.545,0.05,0.135,Torri in Sabina,82,44,<55,1.67
057041,193,102.0,70.0,11.0,0.5284974093264249,0.3626943005181347,0.05699481865284974,Monteleone Sabino,82,27,<55,-5.07
057031,190,108.0,72.0,2.0,0.5684210526315789,0.37894736842105264,0.010526315789473684,Greccio,98,15,55-85,-2.21
057015,183,57.0,80.0,2.0,0.3114754098360656,0.4371584699453552,0.01092896174863388,Castel Sant'Angelo,100,16,55-85,-2.23
057069,180,78.0,75.0,8.0,0.43333333333333335,0.4166666666666667,0.044444444444444446,Torricella in Sabina,85,22,55-85,-5.43
057012,177,114.0,3.0,17.0,0.6440677966101694,0.01694915254237288,0.096045197740113,Casperia,83,43,55-85,-1.07
057008,174,49.0,62.0,2.0,0.28160919540229884,0.3563218390804598,0.011494252873563218,Borgo Velino,104,20,55-85,-3.32
057068,157,65.0,43.0,12.0,0.4140127388535032,0.27388535031847133,0.07643312101910828,Toffia,80,34,<55,1.23
057065,157,54.0,9.0,21.0,0.34394904458598724,0.05732484076433121,0.1337579617834395,Selci,79,51,<55,5.0
057014,144,27.0,14.0,18.0,0.1875,0.09722222222222222,0.125,Castelnuovo di Farfa,79,34,<55,-1.11
057028,130,62.0,48.0,3.0,0.47692307692307695,0.36923076923076925,0.023076923076923078,Fiamignano,101,30,55-85,-4.36
057050,126,60.0,44.0,2.0,0.47619047619047616,0.3492063492063492,0.015873015873015872,Petrella Salto,105,24,55-85,-2.75
057040,114,37.0,3.0,8.0,0.32456140350877194,0.02631578947368421,0.07017543859649122,Montebuono,83,50,55-85,-4.01
057030,109,41.0,30.0,14.0,0.3761467889908257,0.27522935779816515,0.12844036697247707,Frasso Sabino,79,28,<55,0.96
057005,106,38.0,61.0,2.0,0.3584905660377358,0.5754716981132075,0.018867924528301886,Belmonte in Sabina,92,19,55-85,-0.63
057043,98,39.0,35.0,3.0,0.3979591836734694,0.35714285714285715,0.030612244897959183,Monte San Giovanni in Sabina,99,23,55-85,2.47
057062,96,42.0,41.0,4.0,0.4375,0.4270833333333333,0.041666666666666664,Rocca Sinibalda,94,22,55-85,2.3
057011,95,51.0,34.0,7.0,0.5368421052631579,0.35789473684210527,0.07368421052631578,Casaprota,84,27,<55,-3.43
057024,86,15.0,2.0,0.0,0.1744186046511628,0.023255813953488372,0.0,Configni,93,40,55-85,-2.74
057057,82,24.0,29.0,1.0,0.2926829268292683,0.35365853658536583,0.012195121951219513,Posta,116,34,>85,-9.17
057022,82,30.0,19.0,2.0,0.36585365853658536,0.23170731707317074,0.024390243902439025,Colli sul Velino,104,20,55-85,-0.86
057056,77,0.0,30.0,11.0,0.0,0.38961038961038963,0.14285714285714285,Poggio San Lorenzo,81,21,<55,5.94
057061,74,21.0,3.0,11.0,0.28378378378378377,0.04054054054054054,0.14864864864864866,Roccantica,83,47,<55,-4.71
057001,74,29.0,0.0,2.0,0.3918918918918919,0.0,0.02702702702702703,Accumoli,138,59,>85,-9.37
057063,69,21.0,7.0,11.0,0.30434782608695654,0.10144927536231885,0.15942028985507245,Salisano,87,41,<55,-7.78
057006,67,1.0,28.0,2.0,0.014925373134328358,0.417910447761194,0.029850746268656716,Borbona,120,38,>85,-2.04
057026,65,37.0,15.0,1.0,0.5692307692307692,0.23076923076923078,0.015384615384615385,Cottanello,93,32,55-85,-0.38
057038,61,3.0,16.0,8.0,0.04918032786885246,0.26229508196721313,0.13114754098360656,Mompeo,93,39,<55,5.06
057034,61,15.0,42.0,3.0,0.2459016393442623,0.6885245901639344,0.04918032786885246,Longone Sabino,105,34,55-85,-7.23
057039,49,0.0,5.0,3.0,0.0,0.10204081632653061,0.061224489795918366,Montasola,92,36,55-85,3.66
057047,45,1.0,15.0,3.0,0.022222222222222223,0.3333333333333333,0.06666666666666667,Orvinio,91,43,<55,-0.77
057045,44,3.0,29.0,2.0,0.06818181818181818,0.6590909090909091,0.045454545454545456,Morro Reatino,110,23,55-85,-2.62
057019,40,15.0,14.0,0.0,0.375,0.35,0.0,Colle di Tora,98,34,<55,-2.79
057032,39,1.0,8.0,1.0,0.02564102564102564,0.20512820512820512,0.02564102564102564,Labro,108,26,55-85,-7.73
057013,37,1.0,20.0,2.0,0.02702702702702703,0.5405405405405406,0.05405405405405406,Castel di Tora,96,39,55-85,2.25
057018,33,6.0,0.0,5.0,0.18181818181818182,0.0,0.15151515151515152,Collalto Sabino,92,59,55-85,-3.04
057017,30,6.0,3.0,1.0,0.2,0.1,0.03333333333333333,Cittareale,126,45,>85,-9.88
057042,30,1.0,17.0,1.0,0.03333333333333333,0.5666666666666667,0.03333333333333333,Montenero Sabino,89,27,<55,-4.68
057023,26,1.0,18.0,1.0,0.038461538461538464,0.6923076923076923,0.038461538461538464,Concerviano,104,20,55-85,-0.71
057072,26,0.0,3.0,3.0,0.0,0.11538461538461539,0.11538461538461539,Vacone,92,46,55-85,-1.33
057046,25,5.0,0.0,2.0,0.2,0.0,0.08,Nespolo,92,65,55-85,7.33
057004,16,0.0,10.0,1.0,0.0,0.625,0.0625,Ascrea,96,45,55-85,-4.69
057058,15,0.0,5.0,2.0,0.0,0.3333333333333333,0.13333333333333333,Pozzaglia Sabina,93,42,55-85,-3.17
057071,15,0.0,0.0,3.0,0.0,0.0,0.2,Turania,88,58,55-85,4.39
057048,15,0.0,8.0,0.0,0.0,0.5333333333333333,0.0,Paganico Sabino,92,47,55-85,3.87
057037,13,0.0,3.0,0.0,0.0,0.23076923076923078,0.0,Micigliano,117,35,>85,5.26
057073,11,0.0,5.0,0.0,0.0,0.45454545454545453,0.0,Varco Sabino,114,38,55-85,-14.69
057020,2,0.0,0.0,1.0,0.0,0.0,0.5,Collegiove,97,67,55-85,-4.44
057036,2,0.0,1.0,1.0,0.0,0.5,0.5,Marcetelli,117,55,55-85,-30.26
