AnnoA,Terni,Viterbo,Rieti,Frosinone,L'Aquila
2010/2011,6517,10041,6062,20595,15905
2011/2012,6149,9357,5769,19559,15451
2012/2013,5844,8860,5453,18374,14566
2013/2014,5645,8801,5221,17541,13883
2014/2015,5691,8601,5045,16649,12864
2015/2016,5542,8289,4953,16030,11923
2016/2017,5652,8412,4917,15971,11743
2017/2018,5848,8497,4862,15716,11585
2018/2019,6082,8424,4838,15971,11452
2019/2020,6282,8824,4960,15778,12243
2020/2021,6588,9162,4977,16232,12239
2021/2022,6634,9340,5032,16506,12016
2022/2023,6710,9625,5143,16524,11400
2023/2024,7049,9971,5295,17138,11626
2024/2025,7122,10128,5257,17191,11489
