AteneoNOME,students,share
Roma La Sapienza,1676,0.4357774310972439
L'Aquila,849,0.22074882995319814
Perugia,318,0.08268330733229329
Roma Tre,317,0.08242329693187728
Roma Tor Vergata,127,0.033021320852834116
Tuscia,102,0.0265210608424337
Bologna,51,0.01326053042121685
Firenze,50,0.013000520020800831
Torino Politecnico,49,0.012740509620384815
Roma LUMSA,46,0.011960478419136765
Roma Luiss,42,0.0109204368174727
Roma Foro Italico,36,0.0093603744149766
Milano Politecnico,35,0.009100364014560582
Teramo,19,0.004940197607904316
Milano Cattolica,16,0.004160166406656267
Torino,15,0.0039001560062402497
Roma Europea,13,0.0033801352054082163
Roma Saint Camillus,11,0.002860114404576183
Siena,10,0.0026001040041601664
Pisa,10,0.0026001040041601664
Milano Bocconi,8,0.0020800832033281333
Camerino,8,0.0020800832033281333
Roma Biomedico,7,0.0018200728029121164
Chieti e Pescara,6,0.0015600624024961
Ca' Foscari Venezia,5,0.0013000520020800832
Pavia,5,0.0013000520020800832
Padova,5,0.0013000520020800832
Modena e Reggio Emilia,5,0.0013000520020800832
Roma UNINT,5,0.0013000520020800832
