AnnoA,AteneoNOME,CorsoNOME,Isc
2019/2020,Roma La Sapienza,Infermieristica (Abilitante alla Professione Sanitaria di Infermiere),283
2019/2020,Roma La Sapienza,Ingegneria delle Costruzioni Edili e dei Sistemi Ambientali,35
2019/2020,Roma La Sapienza,Ingegneria per l'Ambiente e l'Edilizia Sostenibile,40
2019/2020,Roma La Sapienza,Ingegneria per l'Edilizia Sostenibile,27
2019/2020,Roma La Sapienza,Ingegneria per l'Edilizia e il Territorio,26
2019/2020,Roma La Sapienza,Sustainable Building Engineering,139
2019/2020,Roma La Sapienza,Tecniche della Prevenzione nell'Ambiente e nei Luoghi di Lavoro (Abilitante alla Professione Sanitaria di Tecnico della Prevenzione nell'Ambiente e nei Luoghi di Lavoro),39
2019/2020,Roma La Sapienza,Tecniche di Laboratorio Biomedico (Abilitante alla Professione Sanitaria di Tecnico di Laboratorio Biomedico),30
2019/2020,Roma La Sapienza,"Tecniche di Radiologia Medica, per Immagini e Radioterapia (Abilitante alla Professione Sanitaria di Tecnico di Radiologia Medica)",25
2019/2020,Tuscia,Scienze della Montagna,107
2019/2020,Tuscia,Scienze e Tecnologie per la Conservazione delle Foreste e della Natura,16
2020/2021,Roma La Sapienza,Environmental and Sustainable Building Engineering,26
2020/2021,Roma La Sapienza,Infermieristica (Abilitante alla Professione Sanitaria di Infermiere),164
2020/2021,Roma La Sapienza,Infermieristica (abilitante alla professione sanitaria di Infermiere),109
2020/2021,Roma La Sapienza,Ingegneria delle Costruzioni Edili e dei Sistemi Ambientali,19
2020/2021,Roma La Sapienza,Ingegneria per l'Ambiente e l'Edilizia Sostenibile,16
2020/2021,Roma La Sapienza,Ingegneria per l'Edilizia Sostenibile,10
2020/2021,Roma La Sapienza,Ingegneria per l'Edilizia e il Territorio,13
2020/2021,Roma La Sapienza,Sustainable Building Engineering,174
2020/2021,Roma La Sapienza,Tecniche della Prevenzione nell'Ambiente e nei Luoghi di Lavoro (Abilitante alla Professione Sanitaria di Tecnico della Prevenzione nell'Ambiente e nei Luoghi di Lavoro),27
2020/2021,Roma La Sapienza,Tecniche della prevenzione nell'ambiente e nei luoghi di lavoro (abilitante alla professione sanitaria di Tecnico della prevenzione nell'ambiente e nei luoghi di lavoro),17
2020/2021,Roma La Sapienza,"Tecniche di Radiologia Medica, per Immagini e Radioterapia (Abilitante alla Professione Sanitaria di Tecnico di Radiologia Medica)",25
2020/2021,Roma La Sapienza,Tecniche di laboratorio biomedico (abilitante alla professione sanitaria di Tecnico di laboratorio biomedico),34
2020/2021,Tuscia,Scienze della Montagna,88
2020/2021,Tuscia,Scienze e Tecnologie per la Conservazione delle Foreste e della Natura,7
2021/2022,Roma La Sapienza,Environmental And Sustainable Building Engineering,16
2021/2022,Roma La Sapienza,Environmental and Sustainable Building Engineering,36
2021/2022,Roma La Sapienza,Infermieristica (Abilitante alla Professione Sanitaria di Infermiere),170
2021/2022,Roma La Sapienza,Infermieristica (abilitante alla professione sanitaria di Infermiere),105
2021/2022,Roma La Sapienza,Ingegneria delle Costruzioni Edili e dei Sistemi Ambientali,7
2021/2022,Roma La Sapienza,Ingegneria per l'Edilizia Sostenibile,6
2021/2022,Roma La Sapienza,Sustainable Building Engineering,237
2021/2022,Roma La Sapienza,Tecniche della Prevenzione nell'Ambiente e nei Luoghi di Lavoro (Abilitante alla Professione Sanitaria di Tecnico della Prevenzione nell'Ambiente e nei Luoghi di Lavoro),15
2021/2022,Roma La Sapienza,Tecniche della prevenzione nell'ambiente e nei luoghi di lavoro (abilitante alla professione sanitaria di Tecnico della prevenzione nell'ambiente e nei luoghi di lavoro),20
2021/2022,Roma La Sapienza,Tecniche di Laboratorio Biomedico (Abilitante alla Professione Sanitaria di Tecnico di Laboratorio Biomedico),14
2021/2022,Roma La Sapienza,"Tecniche di Radiologia Medica, per Immagini e Radioterapia (Abilitante alla Professione Sanitaria di Tecnico di Radiologia Medica)",45
2021/2022,Roma La Sapienza,Tecniche di laboratorio biomedico (abilitante alla professione sanitaria di Tecnico di laboratorio biomedico),24
2021/2022,Tuscia,Scienze della Montagna,96
2022/2023,Milano Cattolica,Infermieristica (Abilitante alla Professione Sanitaria di Infermiere),13
2022/2023,Roma La Sapienza,Environmental And Sustainable Building Engineering,73
2022/2023,Roma La Sapienza,Fisioterapia (Abilitante alla Professione Sanitaria di Fisioterapista),20
2022/2023,Roma La Sapienza,Igiene Dentale (Abilitante alla Professione Sanitaria di Igienista Dentale),9
2022/2023,Roma La Sapienza,Infermieristica (Abilitante alla Professione Sanitaria di Infermiere),272
2022/2023,Roma La Sapienza,Sustainable Building Engineering,302
2022/2023,Roma La Sapienza,Tecniche della Prevenzione nell'Ambiente e nei Luoghi di Lavoro (Abilitante alla Professione Sanitaria di Tecnico della Prevenzione nell'Ambiente e nei Luoghi di Lavoro),35
2022/2023,Roma La Sapienza,Tecniche di Laboratorio Biomedico (Abilitante alla Professione Sanitaria di Tecnico di Laboratorio Biomedico),42
2022/2023,Roma La Sapienza,"Tecniche di Radiologia Medica, per Immagini e Radioterapia (Abilitante alla Professione Sanitaria di Tecnico di Radiologia Medica)",63
2022/2023,Tuscia,Gestione Digitale dell’Agricoltura e del Territorio Montano,10
2022/2023,Tuscia,Scienze della Montagna,84
2023/2024,Milano Cattolica,Infermieristica (Abilitante alla Professione Sanitaria di Infermiere),9
2023/2024,Roma La Sapienza,Dietistica (Abilitante alla Professione Sanitaria di Dietista),19
2023/2024,Roma La Sapienza,Economia dell’Innovazione,28
2023/2024,Roma La Sapienza,Environmental And Sustainable Building Engineering,88
2023/2024,Roma La Sapienza,Fisioterapia (Abilitante alla Professione Sanitaria di Fisioterapista),35
2023/2024,Roma La Sapienza,Igiene Dentale (Abilitante alla Professione Sanitaria di Igienista Dentale),29
2023/2024,Roma La Sapienza,Infermieristica (Abilitante alla Professione Sanitaria di Infermiere),263
2023/2024,Roma La Sapienza,Ingegneria dell’Innovazione Tecnologica per L’Edilizia,20
2023/2024,Roma La Sapienza,Logopedia (Abilitante alla Professione Sanitaria di Logopedista),21
2023/2024,Roma La Sapienza,Sustainable Building Engineering,339
2023/2024,Roma La Sapienza,Tecniche della Prevenzione nell'Ambiente e nei Luoghi di Lavoro (Abilitante alla Professione Sanitaria di Tecnico della Prevenzione nell'Ambiente e nei Luoghi di Lavoro),34
2023/2024,Roma La Sapienza,Tecniche di Laboratorio Biomedico (Abilitante alla Professione Sanitaria di Tecnico di Laboratorio Biomedico),37
2023/2024,Roma La Sapienza,"Tecniche di Radiologia Medica, per Immagini e Radioterapia (Abilitante alla Professione Sanitaria di Tecnico di Radiologia Medica)",80
2023/2024,Tuscia,Gestione Digitale dell’Agricoltura e del Territorio Montano,7
2023/2024,Tuscia,Scienze della Montagna,85
2024/2025,Milano Cattolica,Infermieristica (Abilitante alla Professione Sanitaria di Infermiere),8
2024/2025,Roma La Sapienza,Dietistica (Abilitante alla Professione Sanitaria di Dietista),35
2024/2025,Roma La Sapienza,Economia dell’Innovazione,41
2024/2025,Roma La Sapienza,Environmental And Sustainable Building Engineering,34
2024/2025,Roma La Sapienza,Environmental and Sustainable Building Engineering,57
2024/2025,Roma La Sapienza,Fisioterapia (Abilitante alla Professione Sanitaria di Fisioterapista),55
2024/2025,Roma La Sapienza,Igiene Dentale (Abilitante alla Professione Sanitaria di Igienista Dentale),45
2024/2025,Roma La Sapienza,Infermieristica (Abilitante alla Professione Sanitaria di Infermiere),274
2024/2025,Roma La Sapienza,Ingegneria dell’Innovazione Tecnologica per L’Edilizia,23
2024/2025,Roma La Sapienza,Logopedia (Abilitante alla Professione Sanitaria di Logopedista),39
2024/2025,Roma La Sapienza,"Medicina e Chirurgia ""G""",99
2024/2025,Roma La Sapienza,Sustainable Building Engineering,353
2024/2025,Roma La Sapienza,Tecniche della Prevenzione nell'Ambiente e nei Luoghi di Lavoro (Abilitante alla Professione Sanitaria di Tecnico della Prevenzione nell'Ambiente e nei Luoghi di Lavoro),40
2024/2025,Roma La Sapienza,Tecniche di Laboratorio Biomedico (Abilitante alla Professione Sanitaria di Tecnico di Laboratorio Biomedico),49
2024/2025,Roma La Sapienza,"Tecniche di Radiologia Medica, per Immagini e Radioterapia (Abilitante alla Professione Sanitaria di Tecnico di Radiologia Medica)",83
2024/2025,Tuscia,Gestione Digitale dell’Agricoltura e del Territorio Montano,9
2024/2025,Tuscia,Scienze della Montagna,87
