pro_com_t,commuters_2011,same_municipality_2011,rieti_city_2011,rome_province_2011,commuters_2021,same_municipality_2021,rieti_city_2021,rome_province_2021,share_same_municipality_2011,share_rieti_city_2011,share_rome_province_2011,share_same_municipality_2021,share_rieti_city_2021,share_rome_province_2021,commuters_change_pct,share_same_municipality_change_pts,share_rieti_city_change_pts,share_rome_province_change_pts,comune,car_minutes_to_rome_city,car_minutes_to_rieti_city,distance_band,variazione_pct_popolazione_2021_2025
057059,15591,12156,0.0,989,15809,12042,0.0,1436,0.7796805849528574,0.0,0.06343403245462126,0.7617180087292049,0.0,0.09083433487254096,1.3982425758450434,-1.7962576223652493,0.0,2.74003024179197,Rieti,94,0,55-85,-1.79
057027,4057,1337,96.0,2455,4702,1377,121.0,2943,0.3295538575301947,0.023662805028346067,0.605126941089475,0.29285410463632494,0.025733730327520205,0.625903870693322,15.898447128420013,-3.6699752893869784,0.2070925299174138,2.0776929603847027,Fara in Sabina,78,41,<55,1.07
057016,2267,888,1024.0,131,2047,642,940.0,217,0.3917071018967799,0.4516982796647552,0.05778561976179974,0.3136297020029311,0.4592085979482169,0.10600879335613092,-9.70445522717247,-7.807739989384876,0.7510318283461714,4.822317359433118,Cittaducale,96,10,55-85,-1.63
057053,1963,752,38.0,806,1985,633,71.0,814,0.38308711156393277,0.01935812531839022,0.4105960264900662,0.31889168765743076,0.035768261964735516,0.4100755667506297,1.1207335710647026,-6.419542390650202,1.6410136646345295,-0.052045973943648516,Poggio Mirteto,80,47,<55,-1.41
057044,1322,339,25.0,580,1345,259,55.0,588,0.25642965204236007,0.018910741301059002,0.43872919818456885,0.19256505576208177,0.040892193308550186,0.43717472118959105,1.739788199697423,-6.386459628027829,2.1981452007491185,-0.15544769949777937,Montopoli di Sabina,77,45,<55,0.42
057007,1309,617,66.0,162,1277,480,98.0,245,0.47135217723453016,0.05042016806722689,0.12375859434682965,0.37588097102584184,0.07674236491777604,0.1918559122944401,-2.444614209320095,-9.547120620868832,2.632219685054915,6.809731794761046,Borgorose,91,35,55-85,-1.1
057025,1148,363,501.0,82,1215,273,531.0,140,0.3162020905923345,0.436411149825784,0.07142857142857142,0.22469135802469137,0.43703703703703706,0.11522633744855967,5.836236933797911,-9.151073256764313,0.06258872112530622,4.379776601998825,Contigliano,95,13,55-85,-2.7
057035,1173,635,19.0,181,1066,538,27.0,185,0.5413469735720375,0.01619778346121057,0.15430520034100598,0.5046904315196998,0.025328330206378986,0.17354596622889307,-9.12190963341859,-3.6656542052337704,0.9130546745168416,1.924076588788709,Magliano Sabina,80,60,<55,-2.13
057064,872,201,67.0,493,1047,198,82.0,551,0.2305045871559633,0.0768348623853211,0.5653669724770642,0.18911174785100288,0.07831900668576887,0.5262655205348615,20.068807339449535,-4.139283930496044,0.14841443004477706,-3.9101451942202714,Scandriglia,81,36,<55,4.46
057029,856,205,20.0,430,932,174,25.0,454,0.23948598130841123,0.02336448598130841,0.5023364485981309,0.18669527896995708,0.02682403433476395,0.4871244635193133,8.878504672897192,-5.279070233845415,0.3459548353455539,-1.5211985078817547,Forano,74,55,<55,8.07
057054,886,384,115.0,275,924,318,101.0,342,0.43340857787810383,0.12979683972911965,0.31038374717832956,0.34415584415584416,0.10930735930735931,0.37012987012987014,4.288939051918739,-8.925273372225966,-2.048948042176034,5.974612295154058,Poggio Moiano,82,29,<55,1.74
057055,722,194,68.0,320,841,167,92.0,350,0.26869806094182824,0.09418282548476455,0.44321329639889195,0.1985731272294887,0.10939357907253269,0.4161712247324614,16.481994459833803,-7.012493371233955,1.5210753587768147,-2.704207166643058,Poggio Nativo,79,29,<55,1.75
057009,801,133,488.0,40,806,125,457.0,80,0.16604244694132334,0.6092384519350812,0.049937578027465665,0.15508684863523572,0.5669975186104218,0.09925558312655088,0.6242197253433224,-1.095559830608761,-4.224093332465939,4.931800509908521,Cantalice,103,16,55-85,-2.7
057003,851,311,241.0,51,739,222,207.0,55,0.3654524089306698,0.28319623971797886,0.05992949471210341,0.3004059539918809,0.28010825439783493,0.07442489851150202,-13.160987074030551,-6.504645493878892,-0.30879853201439267,1.4495403799398614,Antrodoco,105,22,55-85,-4.77
057066,768,246,5.0,353,724,161,17.0,335,0.3203125,0.006510416666666667,0.4596354166666667,0.2223756906077348,0.023480662983425413,0.462707182320442,-5.7291666666666625,-9.79368093922652,1.6970246316758746,0.3071765653775316,Stimigliano,72,56,<55,0.0
057002,663,576,7.0,25,721,494,66.0,74,0.8687782805429864,0.010558069381598794,0.03770739064856712,0.6851595006934813,0.09153952843273232,0.10263522884882108,8.748114630467562,-18.361877984950514,8.098145905113352,6.492783820025397,Amatrice,133,53,>85,-5.99
057033,679,505,72.0,34,642,422,84.0,75,0.7437407952871871,0.10603829160530191,0.050073637702503684,0.6573208722741433,0.1308411214953271,0.11682242990654206,-5.449189985272462,-8.64199230130438,2.4802829890025175,6.674879220403837,Leonessa,129,44,>85,-4.2
057051,619,178,269.0,36,597,136,257.0,50,0.2875605815831987,0.4345718901453958,0.05815831987075929,0.22780569514237856,0.4304857621440536,0.08375209380234507,-3.5541195476575083,-5.975488644082014,-0.40861280013422263,2.5593773931585773,Poggio Bustone,107,19,55-85,-0.76
057010,548,149,9.0,207,520,111,14.0,205,0.2718978102189781,0.016423357664233577,0.3777372262773723,0.21346153846153845,0.026923076923076925,0.3942307692307692,-5.109489051094895,-5.843627175743962,1.0499719258843347,1.6493542953396945,Cantalupo in Sabina,79,48,<55,1.41
057049,506,228,40.0,68,476,143,70.0,95,0.4505928853754941,0.07905138339920949,0.13438735177865613,0.3004201680672269,0.14705882352941177,0.19957983193277312,-5.928853754940711,-15.017271730826721,6.800744013020228,6.5192480154117,Pescorocchiano,98,38,55-85,-6.18
057021,424,123,5.0,139,476,109,18.0,143,0.29009433962264153,0.01179245283018868,0.3278301886792453,0.22899159663865545,0.037815126050420166,0.3004201680672269,12.264150943396235,-6.110274298398608,2.6022673220231485,-2.7410020612018418,Collevecchio,82,59,<55,6.9
057031,454,121,182.0,36,456,89,197.0,52,0.2665198237885463,0.4008810572687225,0.07929515418502203,0.19517543859649122,0.43201754385964913,0.11403508771929824,0.4405286343612369,-7.134438519205505,3.113648659092666,3.4739933534276206,Greccio,98,15,55-85,-2.21
057067,389,108,4.0,144,413,99,9.0,151,0.2776349614395887,0.010282776349614395,0.37017994858611825,0.2397094430992736,0.021791767554479417,0.36561743341404357,6.169665809768632,-3.79255183403151,1.1508991204865022,-0.4562515172074677,Tarano,82,53,<55,-0.51
057069,377,98,97.0,125,408,80,109.0,154,0.259946949602122,0.2572944297082228,0.33156498673740054,0.19607843137254902,0.26715686274509803,0.37745098039215685,8.222811671087538,-6.386851822957299,0.9862433036875229,4.588599365475632,Torricella in Sabina,85,22,55-85,-5.43
057070,359,154,8.0,94,387,117,19.0,110,0.42896935933147634,0.022284122562674095,0.2618384401114206,0.3023255813953488,0.04909560723514212,0.2842377260981912,7.799442896935926,-12.664377793612752,2.6811484672468024,2.23992859867706,Torri in Sabina,82,44,<55,1.67
057041,358,95,74.0,125,370,77,56.0,132,0.26536312849162014,0.20670391061452514,0.34916201117318435,0.20810810810810812,0.15135135135135136,0.3567567567567568,3.3519553072625774,-5.725502038351202,-5.535255926317379,0.7594745583572426,Monteleone Sabino,82,27,<55,-5.07
057052,387,77,20.0,154,362,47,26.0,156,0.19896640826873385,0.05167958656330749,0.3979328165374677,0.1298342541436464,0.0718232044198895,0.430939226519337,-6.459948320413433,-6.913215412508745,2.014361785658201,3.3006409981869322,Poggio Catino,83,38,<55,5.4
057012,329,134,12.0,117,359,111,17.0,118,0.4072948328267477,0.0364741641337386,0.3556231003039514,0.30919220055710306,0.04735376044568245,0.3286908077994429,9.118541033434656,-9.810263226964466,1.087959631194385,-2.6932292504508517,Casperia,83,43,55-85,-1.07
057060,357,92,164.0,14,344,69,158.0,23,0.25770308123249297,0.45938375350140054,0.0392156862745098,0.2005813953488372,0.45930232558139533,0.06686046511627906,-3.6414565826330514,-5.712168588365577,-0.008142792000520593,2.764477884176926,Rivodutri,107,20,55-85,-1.32
057068,300,68,14.0,133,343,65,26.0,155,0.22666666666666666,0.04666666666666667,0.44333333333333336,0.18950437317784258,0.07580174927113703,0.4518950437317784,14.333333333333332,-3.7162293488824076,2.913508260447036,0.8561710398445055,Toffia,80,34,<55,1.23
057015,332,92,115.0,17,343,66,129.0,42,0.27710843373493976,0.3463855421686747,0.05120481927710843,0.1924198250728863,0.3760932944606414,0.12244897959183673,3.3132530120481896,-8.468860866205347,2.9707752291966703,7.12441603147283,Castel Sant'Angelo,100,16,55-85,-2.23
057028,347,140,81.0,40,336,93,76.0,65,0.4034582132564842,0.2334293948126801,0.11527377521613832,0.2767857142857143,0.2261904761904762,0.19345238095238096,-3.170028818443804,-12.667249897076987,-0.723891862220391,7.817860573624263,Fiamignano,101,30,55-85,-4.36
057065,346,89,7.0,138,314,61,12.0,124,0.25722543352601157,0.02023121387283237,0.3988439306358382,0.1942675159235669,0.03821656050955414,0.39490445859872614,-9.248554913294793,-6.295791760244468,1.7985346636721768,-0.3939472037112035,Selci,79,51,<55,5.0
057008,300,92,89.0,15,306,73,89.0,29,0.30666666666666664,0.2966666666666667,0.05,0.238562091503268,0.2908496732026144,0.09477124183006536,2.0000000000000018,-6.8104575163398655,-0.5816993464052289,4.477124183006535,Borgo Velino,104,20,55-85,-3.32
057050,320,123,89.0,36,298,89,95.0,45,0.384375,0.278125,0.1125,0.2986577181208054,0.3187919463087248,0.15100671140939598,-6.874999999999998,-8.571728187919463,4.0666946308724805,3.8506711409395975,Petrella Salto,105,24,55-85,-2.75
057014,280,77,23.0,99,271,75,12.0,122,0.275,0.08214285714285714,0.3535714285714286,0.2767527675276753,0.04428044280442804,0.45018450184501846,-3.214285714285714,0.17527675276752808,-3.78624143384291,9.661307327358987,Castelnuovo di Farfa,79,34,<55,-1.11
057040,217,81,7.0,62,246,72,14.0,69,0.37327188940092165,0.03225806451612903,0.2857142857142857,0.2926829268292683,0.056910569105691054,0.2804878048780488,13.364055299539167,-8.058896257165337,2.465250458956202,-0.5226480836236891,Montebuono,83,50,55-85,-4.01
057030,211,43,21.0,91,230,41,30.0,85,0.2037914691943128,0.0995260663507109,0.4312796208530806,0.1782608695652174,0.13043478260869565,0.3695652173913043,9.004739336492884,-2.5530599629095403,3.0908716257984747,-6.171440346177626,Frasso Sabino,79,28,<55,0.96
057062,215,88,65.0,35,206,61,52.0,60,0.40930232558139534,0.3023255813953488,0.16279069767441862,0.2961165048543689,0.2524271844660194,0.2912621359223301,-4.1860465116279055,-11.318582072702643,-4.98983969293294,12.847143824791146,Rocca Sinibalda,94,22,55-85,2.3
057005,188,44,99.0,21,197,39,82.0,45,0.23404255319148937,0.526595744680851,0.11170212765957446,0.19796954314720813,0.41624365482233505,0.22842639593908629,4.78723404255319,-3.6073010044281233,-11.035208985851597,11.672426827951183,Belmonte in Sabina,92,19,55-85,-0.63
057043,221,64,87.0,35,196,45,77.0,33,0.2895927601809955,0.3936651583710407,0.1583710407239819,0.22959183673469388,0.39285714285714285,0.1683673469387755,-11.31221719457014,-6.000092344630162,-0.0808015513897864,0.999630621479361,Monte San Giovanni in Sabina,99,23,55-85,2.47
057011,192,47,28.0,89,195,34,32.0,81,0.24479166666666666,0.14583333333333334,0.4635416666666667,0.17435897435897435,0.1641025641025641,0.4153846153846154,1.5625,-7.043269230769231,1.826923076923076,-4.815705128205128,Casaprota,84,27,<55,-3.43
057024,211,73,7.0,13,167,52,6.0,15,0.3459715639810427,0.03317535545023697,0.061611374407582936,0.31137724550898205,0.03592814371257485,0.08982035928143713,-20.853080568720383,-3.4594318472060626,0.27527882623378797,2.820898487385419,Configni,93,40,55-85,-2.74
057057,175,105,17.0,15,163,75,21.0,19,0.6,0.09714285714285714,0.08571428571428572,0.4601226993865031,0.12883435582822086,0.1165644171779141,-6.857142857142861,-13.98773006134969,3.169149868536372,3.0850131463628387,Posta,116,34,>85,-9.17
057056,158,36,44.0,53,158,41,33.0,50,0.22784810126582278,0.27848101265822783,0.33544303797468356,0.25949367088607594,0.2088607594936709,0.31645569620253167,0.0,3.1645569620253164,-6.962025316455694,-1.898734177215189,Poggio San Lorenzo,81,21,<55,5.94
057006,147,74,25.0,7,152,73,14.0,17,0.5034013605442177,0.17006802721088435,0.047619047619047616,0.48026315789473684,0.09210526315789473,0.1118421052631579,3.401360544217691,-2.3138202649480855,-7.796276405298961,6.4223057644110275,Borbona,120,38,>85,-2.04
057001,182,123,0.0,6,147,84,15.0,5,0.6758241758241759,0.0,0.03296703296703297,0.5714285714285714,0.10204081632653061,0.034013605442176874,-19.23076923076923,-10.439560439560447,10.204081632653061,0.1046572475143906,Accumoli,138,59,>85,-9.37
057063,148,39,12.0,60,145,22,16.0,67,0.2635135135135135,0.08108108108108109,0.40540540540540543,0.15172413793103448,0.1103448275862069,0.46206896551724136,-2.0270270270270285,-11.1789375582479,2.9263746505125807,5.666356011183593,Salisano,87,41,<55,-7.78
057061,161,46,4.0,54,143,31,8.0,47,0.2857142857142857,0.024844720496894408,0.33540372670807456,0.21678321678321677,0.055944055944055944,0.32867132867132864,-11.180124223602483,-6.893106893106893,3.109933544716154,-0.6732398036745912,Roccantica,83,47,<55,-4.71
057026,148,55,16.0,21,142,41,19.0,22,0.3716216216216216,0.10810810810810811,0.14189189189189189,0.2887323943661972,0.13380281690140844,0.15492957746478872,-4.054054054054057,-8.288922725542442,2.5694708793300327,1.3037685572896835,Cottanello,93,32,55-85,-0.38
057038,130,44,16.0,37,137,36,19.0,41,0.3384615384615385,0.12307692307692308,0.2846153846153846,0.26277372262773724,0.1386861313868613,0.29927007299270075,5.384615384615388,-7.568781583380124,1.5609208309938227,1.465468837731615,Mompeo,93,39,<55,5.06
057022,158,33,51.0,8,137,24,35.0,12,0.2088607594936709,0.3227848101265823,0.05063291139240506,0.17518248175182483,0.25547445255474455,0.08759124087591241,-13.291139240506332,-3.3678277741846063,-6.731035757183773,3.695832948350735,Colli sul Velino,104,20,55-85,-0.86
057034,125,39,47.0,20,116,25,45.0,27,0.312,0.376,0.16,0.21551724137931033,0.3879310344827586,0.23275862068965517,-7.199999999999996,-9.648275862068967,1.1931034482758618,7.275862068965516,Longone Sabino,105,34,55-85,-7.23
057018,118,41,3.0,35,116,25,0.0,44,0.3474576271186441,0.025423728813559324,0.2966101694915254,0.21551724137931033,0.0,0.3793103448275862,-1.6949152542372836,-13.194038573933376,-2.5423728813559325,8.270017533606078,Collalto Sabino,92,59,55-85,-3.04
057047,104,47,6.0,35,103,37,7.0,45,0.4519230769230769,0.057692307692307696,0.33653846153846156,0.3592233009708738,0.06796116504854369,0.4368932038834951,-0.9615384615384581,-9.269977595220313,1.0268857356235992,10.035474234503356,Orvinio,91,43,<55,-0.77
057032,85,29,26.0,1,97,31,20.0,5,0.3411764705882353,0.3058823529411765,0.011764705882352941,0.31958762886597936,0.20618556701030927,0.05154639175257732,14.117647058823524,-2.1588841722255947,-9.969678593086723,3.9781685870224375,Labro,108,26,55-85,-7.73
057017,94,48,5.0,8,95,35,12.0,13,0.5106382978723404,0.05319148936170213,0.0851063829787234,0.3684210526315789,0.12631578947368421,0.1368421052631579,1.0638297872340496,-14.221724524076146,7.3124300111982095,5.17357222844345,Cittareale,126,45,>85,-9.88
057039,98,20,2.0,27,89,16,7.0,30,0.20408163265306123,0.02040816326530612,0.2755102040816326,0.1797752808988764,0.07865168539325842,0.33707865168539325,-9.183673469387754,-2.430635175418483,5.8243522127952305,6.156844760376062,Montasola,92,36,55-85,3.66
057019,100,52,17.0,9,85,30,11.0,20,0.52,0.17,0.09,0.35294117647058826,0.12941176470588237,0.23529411764705882,-15.000000000000002,-16.705882352941178,-4.0588235294117645,14.529411764705882,Colle di Tora,98,34,<55,-2.79
057045,82,16,38.0,6,85,21,39.0,10,0.1951219512195122,0.4634146341463415,0.07317073170731707,0.24705882352941178,0.4588235294117647,0.11764705882352941,3.658536585365857,5.1936872309899575,-0.4591104734576801,4.447632711621234,Morro Reatino,110,23,55-85,-2.62
057023,94,28,41.0,11,71,23,27.0,15,0.2978723404255319,0.43617021276595747,0.11702127659574468,0.323943661971831,0.38028169014084506,0.2112676056338028,-24.468085106382976,2.6071321546299098,-5.5888522625112405,9.424632903805813,Concerviano,104,20,55-85,-0.71
057042,72,21,23.0,12,71,17,11.0,22,0.2916666666666667,0.3194444444444444,0.16666666666666666,0.23943661971830985,0.15492957746478872,0.30985915492957744,-1.388888888888884,-5.223004694835684,-16.45148669796557,14.319248826291078,Montenero Sabino,89,27,<55,-4.68
057013,73,40,7.0,12,68,33,9.0,15,0.547945205479452,0.0958904109589041,0.1643835616438356,0.4852941176470588,0.1323529411764706,0.22058823529411764,-6.849315068493156,-6.26510878323932,3.6462530217566487,5.620467365028203,Castel di Tora,96,39,55-85,2.25
057058,67,20,5.0,32,61,15,6.0,29,0.29850746268656714,0.07462686567164178,0.47761194029850745,0.2459016393442623,0.09836065573770492,0.47540983606557374,-8.955223880597018,-5.2605823342304845,2.373379006606313,-0.22021042329337104,Pozzaglia Sabina,93,42,55-85,-3.17
057071,62,13,0.0,24,60,10,0.0,29,0.20967741935483872,0.0,0.3870967741935484,0.16666666666666666,0.0,0.48333333333333334,-3.2258064516129004,-4.301075268817206,0.0,9.623655913978496,Turania,88,58,55-85,4.39
057072,61,18,0.0,12,58,13,0.0,13,0.29508196721311475,0.0,0.19672131147540983,0.22413793103448276,0.0,0.22413793103448276,-4.918032786885251,-7.094403617863199,0.0,2.741661955907293,Vacone,92,46,55-85,-1.33
057004,58,27,4.0,15,55,20,8.0,17,0.46551724137931033,0.06896551724137931,0.25862068965517243,0.36363636363636365,0.14545454545454545,0.3090909090909091,-5.1724137931034475,-10.188087774294669,7.6489028213166135,5.047021943573665,Ascrea,96,45,55-85,-4.69
057046,78,19,0.0,36,47,10,0.0,15,0.24358974358974358,0.0,0.46153846153846156,0.2127659574468085,0.0,0.3191489361702128,-39.743589743589745,-3.082378614293507,0.0,-14.238952536824879,Nespolo,92,65,55-85,7.33
057073,35,20,10.0,2,44,17,10.0,14,0.5714285714285714,0.2857142857142857,0.05714285714285714,0.38636363636363635,0.22727272727272727,0.3181818181818182,25.71428571428571,-18.506493506493506,-5.844155844155844,26.1038961038961,Varco Sabino,114,38,55-85,-14.69
057048,35,11,2.0,11,39,11,0.0,14,0.3142857142857143,0.05714285714285714,0.3142857142857143,0.28205128205128205,0.0,0.358974358974359,11.428571428571432,-3.223443223443223,-5.714285714285714,4.46886446886447,Paganico Sabino,92,47,55-85,3.87
057020,19,7,1.0,9,33,8,1.0,21,0.3684210526315789,0.05263157894736842,0.47368421052631576,0.24242424242424243,0.030303030303030304,0.6363636363636364,73.6842105263158,-12.59968102073365,-2.2328548644338113,16.267942583732058,Collegiove,97,67,55-85,-4.44
057037,28,13,3.0,7,27,11,5.0,8,0.4642857142857143,0.10714285714285714,0.25,0.4074074074074074,0.18518518518518517,0.2962962962962963,-3.57142857142857,-5.687830687830692,7.804232804232804,4.629629629629628,Micigliano,117,35,>85,5.26
057036,11,2,4.0,4,19,3,11.0,5,0.18181818181818182,0.36363636363636365,0.36363636363636365,0.15789473684210525,0.5789473684210527,0.2631578947368421,72.72727272727273,-2.392344497607657,21.5311004784689,-10.047846889952156,Marcetelli,117,55,55-85,-30.26
